Molecular Weight,Molecular Formula,PARENT_MWT,PARENT_MF,SMILES,VENDORS,CATALOG_NUMBER,CAS Registry Number,Chemical Name,EMOLECULES_ID,INCHI,InChI Key,CID
127.14,C6H9NO2,127.14,C6H9NO2,CN1CCC(=O)CC1=O,['Aldlab Chemicals'],0,,"1-Methyl-piperidine-2,4-dione",42330139,"InChI=1S/C6H9NO2/c1-7-3-2-5(8)4-6(7)9/h2-4H2,1H3",FLHLLNQXQGRGBP-UHFFFAOYSA-N,19898279.0
129.16,C6H11NO2,129.16,C6H11NO2,CN(C)C(=O)CC(C)=O,['Life Chemicals'],0,,"N,N-dimethyl-3-oxobutanamide",478371,"InChI=1S/C6H11NO2/c1-5(8)4-6(9)7(2)3/h4H2,1-3H3",YPEWWOUWRRQBAX-UHFFFAOYSA-N,16278.0
141.17,C7H11NO2,141.17,C7H11NO2,CC1CC(=O)CC(=O)N1C,['Pharmablock'],0,,"1,6-dimethylpiperidine-2,4-dione",22995768,"InChI=1S/C7H11NO2/c1-5-3-6(9)4-7(10)8(5)2/h5H,3-4H2,1-2H3",DAODXRWHRQTDDQ-UHFFFAOYSA-N,14800181.0
141.17,C7H11NO2,141.17,C7H11NO2,CCN1CCC(=O)CC1=O,"['Combi-Blocks, Inc.']",0,,"1-Ethylpiperidine-2,4-dione",40897099,"InChI=1S/C7H11NO2/c1-2-8-4-3-6(9)5-7(8)10/h2-5H2,1H3",YSBKSRFISPYBQD-UHFFFAOYSA-N,13784119.0
141.17,C7H11NO2,141.17,C7H11NO2,CN1CCC(C(C)=O)C1=O,['BLD Pharmatech GmbH'],0,,3-Acetyl-1-methylpyrrolidin-2-one,43447257,"InChI=1S/C7H11NO2/c1-5(9)6-3-4-8(2)7(6)10/h6H,3-4H2,1-2H3",FNRBNSZXDRIQCZ-UHFFFAOYSA-N,15084248.0
141.17,C7H11NO2,141.17,C7H11NO2,CC1CN(C)C(=O)CC1=O,['Bio-Farma'],0,,"1,5-dimethylpiperidine-2,4-dione",53843586,"InChI=1S/C7H11NO2/c1-5-4-8(2)7(10)3-6(5)9/h5H,3-4H2,1-2H3",KTVOSJVOLHNLGX-UHFFFAOYSA-N,13983069.0
141.17,C7H11NO2,141.17,C7H11NO2,CN1CCCC(=O)CC1=O,['Bio-Farma'],0,,"1-methylazepane-2,4-dione",89943277,"InChI=1S/C7H11NO2/c1-8-4-2-3-6(9)5-7(8)10/h2-5H2,1H3",ISCOKKIHSCAABI-UHFFFAOYSA-N,45087893.0
153.18,C8H11NO2,153.18,C8H11NO2,CC(=O)C1CCN(C=C)C1=O,['Bio-Farma'],0,,3-acetyl-1-ethenylpyrrolidin-2-one,11466484,"InChI=1S/C8H11NO2/c1-3-9-5-4-7(6(2)10)8(9)11/h3,7H,1,4-5H2,2H3",LHPVGCKCIBTAKD-UHFFFAOYSA-N,12119980.0
153.18,C8H11NO2,153.18,C8H11NO2,O=C1CCN(C2CC2)C(=O)C1,['Accela ChemBio'],0,,"1-Cyclopropylpiperidine-2,4-dione",42330249,"InChI=1S/C8H11NO2/c10-7-3-4-9(6-1-2-6)8(11)5-7/h6H,1-5H2",JOZVZBJSNHSOST-UHFFFAOYSA-N,74892483.0
153.18,C8H11NO2,153.18,C8H11NO2,CN1C(=O)CC(=O)CC11CC1,['Pharmablock'],0,,"4-methyl-4-azaspiro[2.5]octane-5,7-dione",324191305,"InChI=1S/C8H11NO2/c1-9-7(11)4-6(10)5-8(9)2-3-8/h2-5H2,1H3",GDJDCFDQAZYBNY-UHFFFAOYSA-N,154674470.0
155.15,C7H9NO3,155.15,C7H9NO3,CN1CC(=O)C(C(C)=O)C1=O,['Bio-Farma'],0,,"3-acetyl-1-methylpyrrolidine-2,4-dione",96199808,"InChI=1S/C7H9NO3/c1-4(9)6-5(10)3-8(2)7(6)11/h6H,3H2,1-2H3",HQEKTWIWHYSKBB-UHFFFAOYSA-N,15088154.0
155.2,C8H13NO2,155.2,C8H13NO2,CC(C)N1CCC(=O)CC1=O,['Alichem'],0,,"1-Isopropylpiperidine-2,4-dione",42330141,"InChI=1S/C8H13NO2/c1-6(2)9-4-3-7(10)5-8(9)11/h6H,3-5H2,1-2H3",HVCLLHRRMYASIH-UHFFFAOYSA-N,14800183.0
157.21,C8H15NO2,157.21,C8H15NO2,CCN(CC)C(=O)CC(C)=O,['Alfa Aesar (US)'],0,,"N,N-Diethylacetoacetamide, 97%",474210,"InChI=1S/C8H15NO2/c1-4-9(5-2)8(11)6-7(3)10/h4-6H2,1-3H3",NTMXFHGYWJIAAE-UHFFFAOYSA-N,16699.0
163.6,C6H10ClNO2,163.6,C6H10ClNO2,CN(C)C(=O)C(Cl)C(C)=O,['Life Chemicals'],0,,"2-chloro-N,N-dimethyl-3-oxobutanamide",478323,"InChI=1S/C6H10ClNO2/c1-4(9)5(7)6(10)8(2)3/h5H,1-3H3",QJACRCAPQIYMIH-UHFFFAOYSA-N,93011.0
163.6,C6H10ClNO2,163.6,C6H10ClNO2,CN(C)C(=O)[C@@H](Cl)C(C)=O,['WuXi AppTec'],0,,"2-chloro-N,N-dimethyl-3-oxobutanamide",337823706,"InChI=1S/C6H10ClNO2/c1-4(9)5(7)6(10)8(2)3/h5H,1-3H3/t5-/m0/s1",QJACRCAPQIYMIH-YFKPBYRVSA-N,40488239.0
167.21,C9H13NO2,167.21,C9H13NO2,O=C1CCN(CC2CC2)C(=O)C1,['AstaTech'],0,,"1-(CYCLOPROPYLMETHYL)PIPERIDINE-2,4-DIONE",42330135,"InChI=1S/C9H13NO2/c11-8-3-4-10(9(12)5-8)6-7-1-2-7/h7H,1-6H2",MOMJEYKZBBGLHG-UHFFFAOYSA-N,79515569.0
167.21,C9H13NO2,167.21,C9H13NO2,CCCN1C(C)=CC(=O)CC1=O,['Innovapharm Ltd.'],0,,,50076125,"InChI=1S/C9H13NO2/c1-3-4-10-7(2)5-8(11)6-9(10)12/h5H,3-4,6H2,1-2H3",ZCVJNEYNTYWQOE-UHFFFAOYSA-N,66490089.0
167.21,C9H13NO2,167.21,C9H13NO2,CN1C(=O)CC(=O)CC11CCC1,['Pharmablock'],0,,"5-methyl-5-azaspiro[3.5]nonane-6,8-dione",324143106,"InChI=1S/C9H13NO2/c1-10-8(12)5-7(11)6-9(10)3-2-4-9/h2-6H2,1H3",IBTKKIXLUVPSSR-UHFFFAOYSA-N,154674333.0
169.18,C8H11NO3,169.18,C8H11NO3,CC(=O)CC(=O)N1CCCC1=O,['Alichem'],0,,"1-(2-Oxopyrrolidin-1-yl)butane-1,3-dione",44470782,"InChI=1S/C8H11NO3/c1-6(10)5-8(12)9-4-2-3-7(9)11/h2-5H2,1H3",QNXHIIPZNDHXHS-UHFFFAOYSA-N,302059.0
169.18,C8H11NO3,169.18,C8H11NO3,O=C1CC2COCCN2C(=O)C1,['Bio-Farma'],0,,"octahydropyrido[2,1-c]morpholine-6,8-dione",311628302,"InChI=1S/C8H11NO3/c10-7-3-6-5-12-2-1-9(6)8(11)4-7/h6H,1-5H2",CRYSSONOZFXMES-UHFFFAOYSA-N,83670763.0
169.22,C9H15NO2,169.22,C9H15NO2,CC(=O)CC(=O)N1CCCCC1,['Innovapharm Ltd.'],0,,,1013773,"InChI=1S/C9H15NO2/c1-8(11)7-9(12)10-5-3-2-4-6-10/h2-7H2,1H3",OVIHQCKYIOKFFX-UHFFFAOYSA-N,246774.0
169.22,C9H15NO2,169.22,C9H15NO2,CC(C)(C)N1CCC(=O)CC1=O,['Bio-Farma'],0,,"1-tert-butylpiperidine-2,4-dione",40896883,"InChI=1S/C9H15NO2/c1-9(2,3)10-5-4-7(11)6-8(10)12/h4-6H2,1-3H3",AULPPKYDOKRGAY-UHFFFAOYSA-N,53416068.0
171.2,C8H13NO3,171.2,C8H13NO3,CC(=O)CC(=O)N1CCOCC1,"['Combi-Blocks, Inc.']",0,,N-Acetoacetylmorpholine,618527,"InChI=1S/C8H13NO3/c1-7(10)6-8(11)9-2-4-12-5-3-9/h2-6H2,1H3",RKPILPRSNWEZJV-UHFFFAOYSA-N,85550.0
171.2,C8H13NO3,171.2,C8H13NO3,COCCN1CCC(=O)CC1=O,['Alichem'],0,,"1-(2-Methoxy-ethyl)-piperidine-2,4-dione",42330291,"InChI=1S/C8H13NO3/c1-12-5-4-9-3-2-7(10)6-8(9)11/h2-6H2,1H3",NGNFPMLJMNPLAC-UHFFFAOYSA-N,79516956.0
175.19,C10H9NO2,175.19,C10H9NO2,CN1C(=O)CC(=O)c2ccccc12,['Bio-Farma'],0,,"1-methyl-1,2,3,4-tetrahydroquinoline-2,4-dione",835079,"InChI=1S/C10H9NO2/c1-11-8-5-3-2-4-7(8)9(12)6-10(11)13/h2-5H,6H2,1H3",CLYBXZIOLFPNSX-UHFFFAOYSA-N,4102778.0
183.25,C10H17NO2,183.25,C10H17NO2,CC(=O)CC(=O)N1CCCCCC1,['Bio-Farma'],0,,"1-(azepan-1-yl)butane-1,3-dione",1012619,"InChI=1S/C10H17NO2/c1-9(12)8-10(13)11-6-4-2-3-5-7-11/h2-8H2,1H3",FVCYDMFGFDHYDW-UHFFFAOYSA-N,252493.0
183.25,C10H17NO2,183.25,C10H17NO2,CC1CCCN(C1)C(=O)CC(C)=O,['Innovapharm Ltd.'],0,,,1012653,"InChI=1S/C10H17NO2/c1-8-4-3-5-11(7-8)10(13)6-9(2)12/h8H,3-7H2,1-2H3",IFEKQKFWZADYMY-UHFFFAOYSA-N,296334.0
183.25,C10H17NO2,183.25,C10H17NO2,CC1CCN(CC1)C(=O)CC(C)=O,['Innovapharm Ltd.'],0,,,1012655,"InChI=1S/C10H17NO2/c1-8-3-5-11(6-4-8)10(13)7-9(2)12/h8H,3-7H2,1-2H3",AAGZUVHKIKECLF-UHFFFAOYSA-N,296335.0
184.19,C8H12N2O3,184.19,C8H12N2O3,CC(=O)CC(=O)N1CCNC(=O)C1,['Bio-Farma'],0,,"1-(3-oxopiperazin-1-yl)butane-1,3-dione",37955045,"InChI=1S/C8H12N2O3/c1-6(11)4-8(13)10-3-2-9-7(12)5-10/h2-5H2,1H3,(H,9,12)",QPRRIUVXZBEIMU-UHFFFAOYSA-N,60933652.0
184.24,C9H16N2O2,184.24,C9H16N2O2,CN1CCN(CC1)C(=O)CC(C)=O,['Innovapharm Ltd.'],0,,,31520074,"InChI=1S/C9H16N2O2/c1-8(12)7-9(13)11-5-3-10(2)4-6-11/h3-7H2,1-2H3",QNWDWCWGUTWDNK-UHFFFAOYSA-N,14342810.0
187.19,C8H13NO4,187.19,C8H13NO4,CCOC(=O)N(C)C(=O)CC(C)=O,"['Combi-Blocks, Inc.']",0,,Ethyl acetoacetyl(methyl)carbamate,7689749,"InChI=1S/C8H13NO4/c1-4-13-8(12)9(3)7(11)5-6(2)10/h4-5H2,1-3H3",FGXZLYROVQRQCM-UHFFFAOYSA-N,13634211.0
187.26,C8H13NO2S,187.26,C8H13NO2S,CC(=O)CC(=O)N1CCSCC1,['Innovapharm Ltd.'],0,,,31521279,"InChI=1S/C8H13NO2S/c1-7(10)6-8(11)9-2-4-12-5-3-9/h2-6H2,1H3",PPFZOUZLBDXHEL-UHFFFAOYSA-N,43296753.0
189.17,C10H7NO3,189.17,C10H7NO3,CN1C(=O)C(=O)C(=O)c2ccccc12,['Alichem'],0,,"1-Methylquinoline-2,3,4(1H)-trione",49846775,"InChI=1S/C10H7NO3/c1-11-7-5-3-2-4-6(7)8(12)9(13)10(11)14/h2-5H,1H3",YSOGCTYJXNGLQS-UHFFFAOYSA-N,15566068.0
189.21,C11H11NO2,189.21,C11H11NO2,O=C1CCN(C(=O)C1)c1ccccc1,['Bio-Farma'],0,,"1-phenylpiperidine-2,4-dione",42330263,"InChI=1S/C11H11NO2/c13-10-6-7-12(11(14)8-10)9-4-2-1-3-5-9/h1-5H,6-8H2",IZAGJZDHMNYLMB-UHFFFAOYSA-N,20204025.0
191.23,C11H13NO2,191.23,C11H13NO2,CN(C(=O)CC(C)=O)c1ccccc1,['Bio-Farma'],0,,N-methyl-3-oxo-N-phenylbutanamide,7356896,"InChI=1S/C11H13NO2/c1-9(13)8-11(14)12(2)10-6-4-3-5-7-10/h3-7H,8H2,1-2H3",IQYZGBSHBFRNED-UHFFFAOYSA-N,75751.0
191.66,C8H14ClNO2,191.66,C8H14ClNO2,CCN(CC)C(=O)C(Cl)C(C)=O,['Oakwood Chemical'],69828,,"2-Chloro-N,N-diethylacetoacetamide",4351951,"InChI=1S/C8H14ClNO2/c1-4-10(5-2)8(12)7(9)6(3)11/h7H,4-5H2,1-3H3",SEWWCLPPLUYJOT-UHFFFAOYSA-N,85915.0
193.18,C10H8FNO2,193.18,C10H8FNO2,CN1C(=O)CC(=O)c2cc(F)ccc12,['Pharmablock'],0,,"6-fluoro-1-methyl-1,2,3,4-tetrahydroquinoline-2,4-dione",345921467,"InChI=1S/C10H8FNO2/c1-12-8-3-2-6(11)4-7(8)9(13)5-10(12)14/h2-4H,5H2,1H3",CBNGGKRNEDKZCP-UHFFFAOYSA-N,165147187.0
195.14,C7H8F3NO2,195.14,C7H8F3NO2,CN1CCC(C(=O)C(F)(F)F)C1=O,['Manchester Organics'],0,,"1-methyl-3-(2,2,2-trifluoroacetyl)pyrrolidin-2-one",4365011,"InChI=1S/C7H8F3NO2/c1-11-3-2-4(6(11)13)5(12)7(8,9)10/h4H,2-3H2,1H3",IJJGBTHCUXMQEU-UHFFFAOYSA-N,11095529.0
195.14,C7H8F3NO2,195.14,C7H8F3NO2,FC(F)(F)CN1CCC(=O)CC1=O,['Bio-Farma'],0,,"1-(2,2,2-trifluoroethyl)piperidine-2,4-dione",42330215,"InChI=1S/C7H8F3NO2/c8-7(9,10)4-11-2-1-5(12)3-6(11)13/h1-4H2",PBBHLBQXEVOWIR-UHFFFAOYSA-N,79516449.0
195.26,C11H17NO2,195.26,C11H17NO2,O=C1CCN(C2CCCCC2)C(=O)C1,['Bio-Farma'],0,,"1-cyclohexylpiperidine-2,4-dione",42330261,"InChI=1S/C11H17NO2/c13-10-6-7-12(11(14)8-10)9-4-2-1-3-5-9/h9H,1-8H2",IDYUUXVXLWJHQD-UHFFFAOYSA-N,10703011.0
197.28,C11H19NO2,197.28,C11H19NO2,CC1CCCC(C)N1C(=O)CC(C)=O,['Innovapharm Ltd.'],0,,,1097579,"InChI=1S/C11H19NO2/c1-8-5-4-6-9(2)12(8)11(14)7-10(3)13/h8-9H,4-7H2,1-3H3",CTCYPVYXWWAIJW-UHFFFAOYSA-N,268100.0
197.28,C11H19NO2,197.28,C11H19NO2,CCC1CCCCN1C(=O)CC(C)=O,['ChemBridge'],5222266,,4-(2-ethyl-1-piperidinyl)-4-oxo-2-butanone,11488890,"InChI=1S/C11H19NO2/c1-3-10-6-4-5-7-12(10)11(14)8-9(2)13/h10H,3-8H2,1-2H3",HIRLALHAPSIRQO-UHFFFAOYSA-N,25219456.0
197.28,C11H19NO2,197.28,C11H19NO2,CC1CC(C)CN(C1)C(=O)CC(C)=O,['Innovapharm Ltd.'],0,,,31520082,"InChI=1S/C11H19NO2/c1-8-4-9(2)7-12(6-8)11(14)5-10(3)13/h8-9H,4-7H2,1-3H3",HKSYMUJLTWSBLT-UHFFFAOYSA-N,17607433.0
198.18,C8H10N2O4,198.18,C8H10N2O4,CN1C(=O)C(C(C)=O)C(=O)N(C)C1=O,['Angel Pharmatech'],0,,"5-Acetyl-1,3-dimethyl-2,4,6(1H,3H,5H)-pyrimidinetrione",32239344,"InChI=1S/C8H10N2O4/c1-4(11)5-6(12)9(2)8(14)10(3)7(5)13/h5H,1-3H3",OWMWKCXXKFMEPC-UHFFFAOYSA-N,274616.0
198.22,C9H14N2O3,198.22,C9H14N2O3,CC(=O)CC(=O)N1CCN(CC1)C=O,['Innovapharm Ltd.'],0,,,31520078,"InChI=1S/C9H14N2O3/c1-8(13)6-9(14)11-4-2-10(7-12)3-5-11/h7H,2-6H2,1H3",WWSWGLKBUKBSLW-UHFFFAOYSA-N,17607430.0
198.27,C10H18N2O2,198.27,C10H18N2O2,CCN1CCN(CC1)C(=O)CC(C)=O,['Innovapharm Ltd.'],0,,,31520076,"InChI=1S/C10H18N2O2/c1-3-11-4-6-12(7-5-11)10(14)8-9(2)13/h3-8H2,1-2H3",QUNGGRGLPQUNFL-UHFFFAOYSA-N,17607429.0
199.21,C9H13NO4,199.21,C9H13NO4,CCOC(=O)C(=O)C1CCN(C)C1=O,['Bio-Farma'],0,,ethyl 2-(1-methyl-2-oxopyrrolidin-3-yl)-2-oxoacetate,33594381,"InChI=1S/C9H13NO4/c1-3-14-9(13)7(11)6-4-5-10(2)8(6)12/h6H,3-5H2,1-2H3",QGHCXDHZMRQGOX-UHFFFAOYSA-N,4872096.0
199.21,C9H13NO4,199.21,C9H13NO4,CCOC(=O)C1C(=O)CCN(C)C1=O,"['Combi-Blocks, Inc.']",0,,"Ethyl 1-methyl-2,4-dioxopiperidine-3-carboxylate",49861301,"InChI=1S/C9H13NO4/c1-3-14-9(13)7-6(11)4-5-10(2)8(7)12/h7H,3-5H2,1-2H3",BCHJEQRJQJAXLE-UHFFFAOYSA-N,66986350.0
199.21,C9H13NO4,199.21,C9H13NO4,CCOC(=O)C1C(C(C)=O)C(=O)N1C,['Princeton BioMolecular Research'],0,,3-Acetyl-1-methyl-4-oxo-azetidine-2-carboxylic acid ethyl ester,50382542,"InChI=1S/C9H13NO4/c1-4-14-9(13)7-6(5(2)11)8(12)10(7)3/h6-7H,4H2,1-3H3",OMGZRGQRPQNRPN-UHFFFAOYSA-N,102569801.0
199.21,C9H13NO4,199.21,C9H13NO4,CCOC(=O)[C@H]1C(=O)CCN(C)C1=O,['WuXi AppTec'],0,,"ethyl 1-methyl-2,4-dioxopiperidine-3-carboxylate",262602541,"InChI=1S/C9H13NO4/c1-3-14-9(13)7-6(11)4-5-10(2)8(7)12/h7H,3-5H2,1-2H3/t7-/m0/s1",BCHJEQRJQJAXLE-ZETCQYMHSA-N,124563805.0
201.22,C12H11NO2,201.22,C12H11NO2,O=C1CC(=O)c2cccc3CCCN1c23,['Princeton BioMolecular Research'],0,,"6,7-Dihydro-5H-pyrido[3,2,1-ij]quinoline-1,3-dione",317696391,"InChI=1S/C12H11NO2/c14-10-7-11(15)13-6-2-4-8-3-1-5-9(10)12(8)13/h1,3,5H,2,4,6-7H2",OFXXZWQXSKYMMU-UHFFFAOYSA-N,85780236.0
203.24,C12H13NO2,203.24,C12H13NO2,CN1CCC(C(=O)c2ccccc2)C1=O,['Angel Pharmatech'],0,,3-Benzoyl-1-methylpyrrolidin-2-one,707481,"InChI=1S/C12H13NO2/c1-13-8-7-10(12(13)15)11(14)9-5-3-2-4-6-9/h2-6,10H,7-8H2,1H3",NDJLOYXZPKXSAR-UHFFFAOYSA-N,569699.0
203.24,C12H13NO2,203.24,C12H13NO2,O=C1CCN(Cc2ccccc2)C(=O)C1,"['Combi-Blocks, Inc.']",0,,"1-Benzylpiperidine-2,4-dione",36096368,"InChI=1S/C12H13NO2/c14-11-6-7-13(12(15)8-11)9-10-4-2-1-3-5-10/h1-5H,6-9H2",QRJOMPWHYVHSNX-UHFFFAOYSA-N,22495541.0
203.24,C12H13NO2,203.24,C12H13NO2,Cc1cccc(c1)N1CCC(=O)CC1=O,['Bio-Farma'],0,,"1-(3-methylphenyl)piperidine-2,4-dione",42330297,"InChI=1S/C12H13NO2/c1-9-3-2-4-10(7-9)13-6-5-11(14)8-12(13)15/h2-4,7H,5-6,8H2,1H3",GPBWVRVYIVBCSC-UHFFFAOYSA-N,67148427.0
203.24,C12H13NO2,203.24,C12H13NO2,Cc1ccc(cc1)N1CCC(=O)CC1=O,['Bio-Farma'],0,,"1-(4-methylphenyl)piperidine-2,4-dione",42330301,"InChI=1S/C12H13NO2/c1-9-2-4-10(5-3-9)13-7-6-11(14)8-12(13)15/h2-5H,6-8H2,1H3",MJVRLAAYIDNZQZ-UHFFFAOYSA-N,79517536.0
203.24,C12H13NO2,203.24,C12H13NO2,Cc1ccccc1N1CCC(=O)CC1=O,['Bio-Farma'],0,,"1-(2-methylphenyl)piperidine-2,4-dione",42330307,"InChI=1S/C12H13NO2/c1-9-4-2-3-5-11(9)13-7-6-10(14)8-12(13)15/h2-5H,6-8H2,1H3",CMWHQDUAVIYQSV-UHFFFAOYSA-N,79517902.0
204.23,C11H12N2O2,204.23,C11H12N2O2,CN1CCC(C(=O)c2cccnc2)C1=O,['ZereneX Molecular Ltd'],0,,,8322455,"InChI=1S/C11H12N2O2/c1-13-6-4-9(11(13)15)10(14)8-3-2-5-12-7-8/h2-3,5,7,9H,4,6H2,1H3",SCVLPUZALILIEN-UHFFFAOYSA-N,4069086.0
204.23,C11H12N2O2,204.23,C11H12N2O2,O=C1CCN(Cc2ccccn2)C(=O)C1,['BLD Pharmatech'],0,,"1-(Pyridin-2-ylmethyl)piperidine-2,4-dione",42330235,"InChI=1S/C11H12N2O2/c14-10-4-6-13(11(15)7-10)8-9-3-1-2-5-12-9/h1-3,5H,4,6-8H2",RFUBAYVXSUSXPX-UHFFFAOYSA-N,79517313.0
204.23,C11H12N2O2,204.23,C11H12N2O2,O=C1CCN(Cc2cccnc2)C(=O)C1,['Angel Pharmatech'],0,,"1-(Pyridin-3-ylmethyl)piperidine-2,4-dione",42330319,"InChI=1S/C11H12N2O2/c14-10-3-5-13(11(15)6-10)8-9-2-1-4-12-7-9/h1-2,4,7H,3,5-6,8H2",JPACICCUYSDIGA-UHFFFAOYSA-N,13606578.0
204.23,C11H12N2O2,204.23,C11H12N2O2,O=C1CCN(Cc2ccncc2)C(=O)C1,['Angel Pharmatech'],0,,"1-(Pyridin-4-ylmethyl)piperidine-2,4-dione",42330321,"InChI=1S/C11H12N2O2/c14-10-3-6-13(11(15)7-10)8-9-1-4-12-5-2-9/h1-2,4-5H,3,6-8H2",ZWZCYJCWBWDHMF-UHFFFAOYSA-N,79515758.0
204.23,C11H12N2O2,204.23,C11H12N2O2,CN1CC[C@@H](C(=O)c2cccnc2)C1=O,['Accela ChemBio'],0,,1-Methyl-3-nicotinoyl-2-pyrrolidinone,331047930,"InChI=1S/C11H12N2O2/c1-13-6-4-9(11(13)15)10(14)8-3-2-5-12-7-8/h2-3,5,7,9H,4,6H2,1H3/t9-/m0/s1",SCVLPUZALILIEN-VIFPVBQESA-N,40457394.0
207.2,C11H10FNO2,207.2,C11H10FNO2,Fc1ccc(cc1)N1CCC(=O)CC1=O,['Bio-Farma'],0,,"1-(4-fluorophenyl)piperidine-2,4-dione",42330223,"InChI=1S/C11H10FNO2/c12-8-1-3-9(4-2-8)13-6-5-10(14)7-11(13)15/h1-4H,5-7H2",BKYONKYTNFWZPS-UHFFFAOYSA-N,67148180.0
207.23,C10H13N3O2,207.23,C10H13N3O2,CCn1cc(cn1)N1CCC(=O)CC1=O,['Bio-Farma'],0,,"1-(1-ethyl-1H-pyrazol-4-yl)piperidine-2,4-dione",42330397,"InChI=1S/C10H13N3O2/c1-2-12-7-8(6-11-12)13-4-3-9(14)5-10(13)15/h6-7H,2-5H2,1H3",WTXCFFNUFFZGOQ-UHFFFAOYSA-N,79516797.0
207.23,C10H13N3O2,207.23,C10H13N3O2,Cc1nn(C)cc1N1CCC(=O)CC1=O,['Bio-Farma'],0,,"1-(1,3-dimethyl-1H-pyrazol-4-yl)piperidine-2,4-dione",266298357,"InChI=1S/C10H13N3O2/c1-7-9(6-12(2)11-7)13-4-3-8(14)5-10(13)15/h6H,3-5H2,1-2H3",DGAADZKUAQBHTJ-UHFFFAOYSA-N,102805772.0
209.29,C12H19NO2,209.29,C12H19NO2,CN(C)C(=O)C12CCC(C1)C(C)(C)C2=O,['Princeton BioMolecular Research'],0,,"3,3-Dimethyl-2-oxo-bicyclo[2.2.1]heptane-1-carboxylic acid dimethylamide",43303732,"InChI=1S/C12H19NO2/c1-11(2)8-5-6-12(7-8,9(11)14)10(15)13(3)4/h8H,5-7H2,1-4H3",GCRMAYACEYEOEI-UHFFFAOYSA-N,4633195.0
209.29,C12H19NO2,209.29,C12H19NO2,CN(C)C(=O)C12CCC(CC1=O)C2(C)C,['Princeton BioMolecular Research'],0,,"7,7-Dimethyl-2-oxo-bicyclo[2.2.1]heptane-1-carboxylic acid dimethylamide",43303774,"InChI=1S/C12H19NO2/c1-11(2)8-5-6-12(11,9(14)7-8)10(15)13(3)4/h8H,5-7H2,1-4H3",BVUZNVUMCIWKRM-UHFFFAOYSA-N,3045078.0
211.22,C10H13NO4,211.22,C10H13NO4,COC(=O)[C@@H]1CC[C@@H]2CC(=O)CC(=O)N12,['Pharmablock'],0,,"methyl (3S,8aR)-5,7-dioxo-2,3,8,8a-tetrahydro-1H-indolizine-3-carboxylate",337715590,"InChI=1S/C10H13NO4/c1-15-10(14)8-3-2-6-4-7(12)5-9(13)11(6)8/h6,8H,2-5H2,1H3/t6-,8+/m1/s1",BRNWDHCJLURMTQ-SVRRBLITSA-N,162681186.0
213.23,C10H15NO4,213.23,C10H15NO4,CC(C)(C)OC(=O)N1CCC(=O)CC1=O,['ChemBridge'],4036690,,"tert-butyl 2,4-dioxopiperidine-1-carboxylate",27676202,"InChI=1S/C10H15NO4/c1-10(2,3)15-9(14)11-5-4-7(12)6-8(11)13/h4-6H2,1-3H3",SLCAHLSQXDNQSF-UHFFFAOYSA-N,23730999.0
213.23,C10H15NO4,213.23,C10H15NO4,CCOC(=O)C1C(=O)CCN(CC)C1=O,['Alichem'],0,,"Ethyl 1-Ethyl-2,4-dioxopiperidine-3-carboxylate",49861303,"InChI=1S/C10H15NO4/c1-3-11-6-5-7(12)8(9(11)13)10(14)15-4-2/h8H,3-6H2,1-2H3",HUACORLVIIESFJ-UHFFFAOYSA-N,13784118.0
213.23,C10H15NO4,213.23,C10H15NO4,CCOC(=O)[C@H]1C(=O)CCN(CC)C1=O,['Accela ChemBio'],0,,"Ethyl 1-Ethyl-2,4-dioxopiperidine-3-carboxylate",331025660,"InChI=1S/C10H15NO4/c1-3-11-6-5-7(12)8(9(11)13)10(14)15-4-2/h8H,3-6H2,1-2H3/t8-/m0/s1",HUACORLVIIESFJ-QMMMGPOBSA-N,124397398.0
215.21,C12H9NO3,215.21,C12H9NO3,O=C1N2CCCc3cccc(C(=O)C1=O)c23,['ZereneX Molecular Ltd'],0,,,336486570,"InChI=1S/C12H9NO3/c14-10-8-5-1-3-7-4-2-6-13(9(7)8)12(16)11(10)15/h1,3,5H,2,4,6H2",LOGJHKARPDLIGK-UHFFFAOYSA-N,2784639.0
215.25,C13H13NO2,215.25,C13H13NO2,C=CN1CCC(C(=O)c2ccccc2)C1=O,['Angel Pharmatech'],0,,3-Benzoyl-1-vinylpyrrolidin-2-one,11466478,"InChI=1S/C13H13NO2/c1-2-14-9-8-11(13(14)16)12(15)10-6-4-3-5-7-10/h2-7,11H,1,8-9H2",APPVLGVRZVMIEQ-UHFFFAOYSA-N,10900023.0
215.25,C13H13NO2,215.25,C13H13NO2,CC1=CC(=O)CC(=O)N1Cc1ccccc1,['Innovapharm Ltd.'],0,,,31521065,"InChI=1S/C13H13NO2/c1-10-7-12(15)8-13(16)14(10)9-11-5-3-2-4-6-11/h2-7H,8-9H2,1H3",JBJKYANBIQOAGK-UHFFFAOYSA-N,43839757.0
215.25,C13H13NO2,215.25,C13H13NO2,O=C1CC2N(CCc3ccccc23)C(=O)C1,['Key Organics/BIONET'],5,,"1,6,7,11b-tetrahydro-2H-pyrido[2,1-a]isoquinoline-2,4(3H)-dione",42973797,"InChI=1S/C13H13NO2/c15-10-7-12-11-4-2-1-3-9(11)5-6-14(12)13(16)8-10/h1-4,12H,5-8H2",IZBHHBGKEUWKRO-UHFFFAOYSA-N,3702529.0
216.24,C12H12N2O2,216.24,C12H12N2O2,C=CN1CCC(C(=O)c2ccncc2)C1=O,['Bio-Farma'],0,,1-ethenyl-3-[(pyridin-4-yl)carbonyl]pyrrolidin-2-one,11466480,"InChI=1S/C12H12N2O2/c1-2-14-8-5-10(12(14)16)11(15)9-3-6-13-7-4-9/h2-4,6-7,10H,1,5,8H2",YQPMWNACGBOFKI-UHFFFAOYSA-N,12119978.0
217.22,C12H11NO3,217.22,C12H11NO3,CN1C(=O)C(C(C)=O)C(=O)c2ccccc12,['Apollo Scientific US'],0,,"3-Acetyl-4-hydroxy-1-methyl-1,2-dihydroquinolin-2-one",33450387,"InChI=1S/C12H11NO3/c1-7(14)10-11(15)8-5-3-4-6-9(8)13(2)12(10)16/h3-6,10H,1-2H3",GOYNGPKEBDKGPA-UHFFFAOYSA-N,4548805.0
217.27,C13H15NO2,217.27,C13H15NO2,CCCCN1C(=O)CC(=O)c2ccccc12,"['Combi-Blocks, Inc.']",0,,"1-Butylquinoline-2,4(1h,3h)-dione",626384,"InChI=1S/C13H15NO2/c1-2-3-8-14-11-7-5-4-6-10(11)12(15)9-13(14)16/h4-7H,2-3,8-9H2,1H3",VBGFLYWUTPWXPK-UHFFFAOYSA-N,5080116.0
217.27,C13H15NO2,217.27,C13H15NO2,Cc1ccc(CN2CCC(=O)CC2=O)cc1,['Alichem'],0,,"1-(4-Methylbenzyl)piperidine-2,4-dione",42330245,"InChI=1S/C13H15NO2/c1-10-2-4-11(5-3-10)9-14-7-6-12(15)8-13(14)16/h2-5H,6-9H2,1H3",ZNIBIZWXRSDLJT-UHFFFAOYSA-N,79517896.0
217.27,C13H15NO2,217.27,C13H15NO2,CC(=O)C1CCCN(C1=O)c1ccccc1,['Bio-Farma'],0,,3-acetyl-1-phenylpiperidin-2-one,315247760,"InChI=1S/C13H15NO2/c1-10(15)12-8-5-9-14(13(12)16)11-6-3-2-4-7-11/h2-4,6-7,12H,5,8-9H2,1H3",PILPATAVOYVCMA-UHFFFAOYSA-N,131343080.0
218.26,C12H14N2O2,218.26,C12H14N2O2,CN1CCCC(C(=O)c2cccnc2)C1=O,['ChemScene'],0,,1-Methyl-3-nicotinoylpiperidin-2-one,8322451,"InChI=1S/C12H14N2O2/c1-14-7-3-5-10(12(14)16)11(15)9-4-2-6-13-8-9/h2,4,6,8,10H,3,5,7H2,1H3",PCOQHFLEFHSFHP-UHFFFAOYSA-N,5084631.0
219.24,C12H13NO3,219.24,C12H13NO3,COc1ccc(cc1)N1CCC(=O)CC1=O,['Bio-Farma'],0,,"1-(4-methoxyphenyl)piperidine-2,4-dione",42330123,"InChI=1S/C12H13NO3/c1-16-11-4-2-9(3-5-11)13-7-6-10(14)8-12(13)15/h2-5H,6-8H2,1H3",RSXNYWDYOOQHHZ-UHFFFAOYSA-N,79517890.0
219.24,C12H13NO3,219.24,C12H13NO3,CCC1(O)C(=O)N(C)c2ccccc2C1=O,['ZereneX Molecular Ltd'],0,,,336493997,"InChI=1S/C12H13NO3/c1-3-12(16)10(14)8-6-4-5-7-9(8)13(2)11(12)15/h4-7,16H,3H2,1-2H3",ZDEVARQUSQCROC-UHFFFAOYSA-N,2785100.0
220.18,C10H8N2O4,220.18,C10H8N2O4,CN1C(=O)C(C(=O)c2ccccc12)[N+]([O-])=O,['Ambeed'],0,,"1-Methyl-3-nitro-1,2,3,4-tetrahydroquinoline-2,4-dione",637698,"InChI=1S/C10H8N2O4/c1-11-7-5-3-2-4-6(7)9(13)8(10(11)14)12(15)16/h2-5,8H,1H3",UNWGBPXMJLXDOR-UHFFFAOYSA-N,4110110.0
221.23,C12H12FNO2,221.23,C12H12FNO2,Fc1ccc(CN2CCC(=O)CC2=O)cc1,['Alichem'],0,,"1-(4-Fluorobenzyl)piperidine-2,4-dione",42330279,"InChI=1S/C12H12FNO2/c13-10-3-1-9(2-4-10)8-14-6-5-11(15)7-12(14)16/h1-4H,5-8H2",IBNBLUFYMBEZCU-UHFFFAOYSA-N,67067593.0
223.27,C12H17NO3,223.27,C12H17NO3,CN(C)C(=O)C12CCC(C(=O)C1=O)C2(C)C,['Princeton BioMolecular Research'],0,,"7,7-Dimethyl-2,3-dioxo-bicyclo[2.2.1]heptane-1-carboxylic acid dimethylamide",43303766,"InChI=1S/C12H17NO3/c1-11(2)7-5-6-12(11,9(15)8(7)14)10(16)13(3)4/h7H,5-6H2,1-4H3",GTTKSLQCPGBFDN-UHFFFAOYSA-N,18834381.0
225.17,C8H10F3NO3,225.17,C8H10F3NO3,FC(F)(F)C(=O)CC(=O)N1CCOCC1,['Key Organics/BIONET'],6,,"4,4,4-trifluoro-1-morpholino-1,3-butanedione",42974061,"InChI=1S/C8H10F3NO3/c9-8(10,11)6(13)5-7(14)12-1-3-15-4-2-12/h1-5H2",HJVPEHBWJHFRFJ-UHFFFAOYSA-N,5243965.0
225.24,C11H15NO4,225.24,C11H15NO4,CCOC(=O)C1C(=O)CCN(C2CC2)C1=O,['Alichem'],0,,"Ethyl 1-Cyclopropyl-2,4-dioxopiperidine-3-carboxylate",49434998,"InChI=1S/C11H15NO4/c1-2-16-11(15)9-8(13)5-6-12(10(9)14)7-3-4-7/h7,9H,2-6H2,1H3",LBXDREWYHRVPHN-UHFFFAOYSA-N,86222849.0
225.24,C11H15NO4,225.24,C11H15NO4,CCOC(=O)[C@H]1C(=O)CCN(C2CC2)C1=O,['Accela ChemBio'],0,,"Ethyl 1-Cyclopropyl-2,4-dioxopiperidine-3-carboxylate",331085473,"InChI=1S/C11H15NO4/c1-2-16-11(15)9-8(13)5-6-12(10(9)14)7-3-4-7/h7,9H,2-6H2,1H3/t9-/m0/s1",LBXDREWYHRVPHN-VIFPVBQESA-N,124674735.0
225.24,C11H15NO4,225.24,C11H15NO4,COC(=O)[C@@H]1CC[C@@H]2CCC(=O)CC(=O)N12,['Pharmablock'],0,,"methyl (3S,9aR)-5,7-dioxo-1,2,3,8,9,9a-hexahydropyrrolo[1,2-a]azepine-3-carboxylate",345249228,"InChI=1S/C11H15NO4/c1-16-11(15)9-5-3-7-2-4-8(13)6-10(14)12(7)9/h7,9H,2-6H2,1H3/t7-,9-/m0/s1",QILWXDRPSRYGRU-CBAPKCEASA-N,167379056.0
226.1,C8H13Cl2NO2,226.1,C8H13Cl2NO2,CCN(CC)C(=O)C(Cl)(Cl)C(C)=O,['Alichem'],0,,"2,2-Dichloro-N,N-diethyl-3-oxobutanamide",43538991,"InChI=1S/C8H13Cl2NO2/c1-4-11(5-2)7(13)8(9,10)6(3)12/h4-5H2,1-3H3",FDPMTHLEABSCPU-UHFFFAOYSA-N,117424.0
227.26,C11H17NO4,227.26,C11H17NO4,COC(=O)C1CCN(CC1)C(=O)CC(C)=O,['Bio-Farma'],0,,methyl 1-(3-oxobutanoyl)piperidine-4-carboxylate,31413307,"InChI=1S/C11H17NO4/c1-8(13)7-10(14)12-5-3-9(4-6-12)11(15)16-2/h9H,3-7H2,1-2H3",RNJIAZNZYCFTBZ-UHFFFAOYSA-N,18072004.0
227.26,C11H17NO4,227.26,C11H17NO4,CC1CN(C(=O)OC(C)(C)C)C(=O)CC1=O,['Abosyn Chemicals Inc.'],61,,"tert-Butyl 5-methyl-2,4-dioxopiperidine-1-carboxylate",49864060,"InChI=1S/C11H17NO4/c1-7-6-12(9(14)5-8(7)13)10(15)16-11(2,3)4/h7H,5-6H2,1-4H3",RBIJPKRRQHYYFP-UHFFFAOYSA-N,67516180.0
227.26,C11H17NO4,227.26,C11H17NO4,C[C@H]1CC(=O)CC(=O)N1C(=O)OC(C)(C)C,['Angene Chemical'],0,,"tert-butyl (2S)-2-methyl-4,6-dioxopiperidine-1-carboxylate",316749585,"InChI=1S/C11H17NO4/c1-7-5-8(13)6-9(14)12(7)10(15)16-11(2,3)4/h7H,5-6H2,1-4H3/t7-/m0/s1",UAPGGOOREDFMCD-ZETCQYMHSA-N,91987531.0
227.26,C11H17NO4,227.26,C11H17NO4,CC1CC(=O)CC(=O)N1C(=O)OC(C)(C)C,['Advanced ChemBlocks'],0,,"tert-butyl 2-methyl-4,6-dioxopiperidine-1-carboxylate",316749841,"InChI=1S/C11H17NO4/c1-7-5-8(13)6-9(14)12(7)10(15)16-11(2,3)4/h7H,5-6H2,1-4H3",UAPGGOOREDFMCD-UHFFFAOYSA-N,25194112.0
227.26,C11H17NO4,227.26,C11H17NO4,C[C@H]1CN(C(=O)OC(C)(C)C)C(=O)CC1=O,['AstaTech'],0,,"TERT-BUTYL (S)-5-METHYL-2,4-DIOXOPIPERIDINE-1-CARBOXYLATE",324289797,"InChI=1S/C11H17NO4/c1-7-6-12(9(14)5-8(7)13)10(15)16-11(2,3)4/h7H,5-6H2,1-4H3/t7-/m0/s1",RBIJPKRRQHYYFP-ZETCQYMHSA-N,86339903.0
227.26,C11H17NO4,227.26,C11H17NO4,C[C@@H]1CC(=O)CC(=O)N1C(=O)OC(C)(C)C,['ZereneX Molecular Ltd'],0,,,345718586,"InChI=1S/C11H17NO4/c1-7-5-8(13)6-9(14)12(7)10(15)16-11(2,3)4/h7H,5-6H2,1-4H3/t7-/m1/s1",UAPGGOOREDFMCD-SSDOTTSWSA-N,146178222.0
229.24,C13H11NO3,229.24,C13H11NO3,CC(=O)C1C(=O)N2CCc3cccc(c23)C1=O,['Apollo Scientific'],0,,"10-Acetyl-9-hydroxy-1-azatricyclo[6.3.1.04,12]dodeca-4,6,8(12),9-tetraen-11-one",317396815,"InChI=1S/C13H11NO3/c1-7(15)10-12(16)9-4-2-3-8-5-6-14(11(8)9)13(10)17/h2-4,10H,5-6H2,1H3",MPTRPJMYHAKJOU-UHFFFAOYSA-N,145924735.0
229.24,C12H11N3O2,229.24,C12H11N3O2,CC(=O)C1=CNC2Nc3ccccc3N2C1=O,['Angel Pharmatech'],0,,"1-(4-Hydroxy-10,10a-dihydrobenzo[4,5]imidazo[1,2-a]pyrimidin-3-yl)ethanone",323908039,"InChI=1S/C12H11N3O2/c1-7(16)8-6-13-12-14-9-4-2-3-5-10(9)15(12)11(8)17/h2-6,12-14H,1H3",BNHKIVOHKLAVDJ-UHFFFAOYSA-N,56760877.0
229.28,C14H15NO2,229.28,C14H15NO2,CC1=CC(=O)CC(=O)N1CCc1ccccc1,['Innovapharm Ltd.'],0,,,50076127,"InChI=1S/C14H15NO2/c1-11-9-13(16)10-14(17)15(11)8-7-12-5-3-2-4-6-12/h2-6,9H,7-8,10H2,1H3",KGIDHPUTYKSLHR-UHFFFAOYSA-N,66490090.0
229.28,C14H15NO2,229.28,C14H15NO2,O=C1C2CC(CCC2=O)N1Cc1ccccc1,['Bio-Farma'],0,,"6-benzyl-6-azabicyclo[3.2.1]octane-2,7-dione",259738972,"InChI=1S/C14H15NO2/c16-13-7-6-11-8-12(13)14(17)15(11)9-10-4-2-1-3-5-10/h1-5,11-12H,6-9H2",ANSDLZGDPHGOBV-UHFFFAOYSA-N,132343976.0
229.28,C14H15NO2,229.28,C14H15NO2,O=C1CC2CCC1C(=O)N2Cc1ccccc1,['Pharmablock'],0,,"2-benzyl-2-azabicyclo[2.2.2]octane-3,5-dione",345954172,"InChI=1S/C14H15NO2/c16-13-8-11-6-7-12(13)14(17)15(11)9-10-4-2-1-3-5-10/h1-5,11-12H,6-9H2",XJRSZMVOSFPUNF-UHFFFAOYSA-N,50937030.0
231.29,C14H17NO2,231.29,C14H17NO2,CCC1CN(Cc2ccccc2)C(=O)CC1=O,['Alichem'],0,,"1-Benzyl-5-ethylpiperidine-2,4-dione",46342219,"InChI=1S/C14H17NO2/c1-2-12-10-15(14(17)8-13(12)16)9-11-6-4-3-5-7-11/h3-7,12H,2,8-10H2,1H3",ADSHHHOEECKWOW-UHFFFAOYSA-N,71627041.0
231.29,C14H17NO2,231.29,C14H17NO2,CCC(=O)C1CCCN(C1=O)c1ccccc1,['Bio-Farma'],0,,1-phenyl-3-propanoylpiperidin-2-one,313098454,"InChI=1S/C14H17NO2/c1-2-13(16)12-9-6-10-15(14(12)17)11-7-4-3-5-8-11/h3-5,7-8,12H,2,6,9-10H2,1H3",JOSIKHOZAKKEGD-UHFFFAOYSA-N,122366829.0
233.22,C12H11NO4,233.22,C12H11NO4,CCN1C(=O)C(C(O)=O)C(=O)c2ccccc12,['Angel Pharmatech'],0,,"1-Ethyl-2,4-dioxo-1,2,3,4-tetrahydroquinoline-3-carboxylic acid",1174572,"InChI=1S/C12H11NO4/c1-2-13-8-6-4-3-5-7(8)10(14)9(11(13)15)12(16)17/h3-6,9H,2H2,1H3,(H,16,17)",UPBVPTNGSNMCQH-UHFFFAOYSA-N,3094888.0
233.22,C12H11NO4,233.22,C12H11NO4,OC1(O)C(=O)N2CCCc3cccc(C1=O)c23,['ZereneX Molecular Ltd'],0,,,336486826,"InChI=1S/C12H11NO4/c14-10-8-5-1-3-7-4-2-6-13(9(7)8)11(15)12(10,16)17/h1,3,5,16-17H,2,4,6H2",FKJXHZLIKLKEFH-UHFFFAOYSA-N,2784641.0
233.27,C13H15NO3,233.27,C13H15NO3,COc1ccc(CN2CCC(=O)CC2=O)cc1,['Accela ChemBio'],0,,"1-(4-Methoxybenzyl)piperidine-2,4-dione",41481479,"InChI=1S/C13H15NO3/c1-17-12-4-2-10(3-5-12)9-14-7-6-11(15)8-13(14)16/h2-5H,6-9H2,1H3",RWBJCFIEUAGKDV-UHFFFAOYSA-N,46835622.0
235.26,C13H14FNO2,235.26,C13H14FNO2,CC(=O)C1CCCN(C1=O)c1cccc(F)c1,['Bio-Farma'],0,,3-acetyl-1-(3-fluorophenyl)piperidin-2-one,315244945,"InChI=1S/C13H14FNO2/c1-9(16)12-6-3-7-15(13(12)17)11-5-2-4-10(14)8-11/h2,4-5,8,12H,3,6-7H2,1H3",QXPSEZFXHXQLSA-UHFFFAOYSA-N,138039432.0
235.26,C13H14FNO2,235.26,C13H14FNO2,CC(=O)C1CCCN(C1=O)c1ccccc1F,['Bio-Farma'],0,,3-acetyl-1-(2-fluorophenyl)piperidin-2-one,315248016,"InChI=1S/C13H14FNO2/c1-9(16)10-5-4-8-15(13(10)17)12-7-3-2-6-11(12)14/h2-3,6-7,10H,4-5,8H2,1H3",UHRARZCJDQSHPH-UHFFFAOYSA-N,138039428.0
235.26,C13H14FNO2,235.26,C13H14FNO2,CC(=O)C1CCCN(C1=O)c1ccc(F)cc1,['Bio-Farma'],0,,3-acetyl-1-(4-fluorophenyl)piperidin-2-one,315248528,"InChI=1S/C13H14FNO2/c1-9(16)12-3-2-8-15(13(12)17)11-6-4-10(14)5-7-11/h4-7,12H,2-3,8H2,1H3",VKKFERLCLJYWAI-UHFFFAOYSA-N,138039430.0
235.26,C13H14FNO2,235.26,C13H14FNO2,FCC(=O)C1CCN(Cc2ccccc2)C1=O,['Princeton BioMolecular Research'],0,,1-benzyl-3-(fluoroacetyl)pyrrolidin-2-one,337945346,"InChI=1S/C13H14FNO2/c14-8-12(16)11-6-7-15(13(11)17)9-10-4-2-1-3-5-10/h1-5,11H,6-9H2",PQNZVRYLUYKDEK-UHFFFAOYSA-N,22560293.0
237.26,C15H11NO2,237.26,C15H11NO2,O=C1CC(=O)c2ccccc2N1c1ccccc1,['Innovapharm Ltd.'],0,,,832097,"InChI=1S/C15H11NO2/c17-14-10-15(18)16(11-6-2-1-3-7-11)13-9-5-4-8-12(13)14/h1-9H,10H2",JGYPPHHQPBWHTM-UHFFFAOYSA-N,2146183.0
237.3,C13H19NO3,237.3,C13H19NO3,CN(C)C(=O)C12CCC(C)(C(=O)C1=O)C2(C)C,['Innovapharm Ltd.'],0,,,31653155,"InChI=1S/C13H19NO3/c1-11(2)12(3)6-7-13(11,9(16)8(12)15)10(17)14(4)5/h6-7H2,1-5H3",CGLPZKCORWVQRG-UHFFFAOYSA-N,16637259.0
237.68,C12H12ClNO2,237.68,C12H12ClNO2,Clc1ccc(CN2CCC(=O)CC2=O)cc1,['Alichem'],0,,"1-(4-Chlorobenzyl)piperidine-2,4-dione",42330315,"InChI=1S/C12H12ClNO2/c13-10-3-1-9(2-4-10)8-14-6-5-11(15)7-12(14)16/h1-4H,5-8H2",IGPKQUCMVHUFEB-UHFFFAOYSA-N,79515419.0
237.68,C12H12ClNO2,237.68,C12H12ClNO2,Clc1cccc(CN2CCC(=O)CC2=O)c1,['Alichem'],0,,"1-(3-Chlorobenzyl)piperidine-2,4-dione",42330657,"InChI=1S/C12H12ClNO2/c13-10-3-1-2-9(6-10)8-14-5-4-11(15)7-12(14)16/h1-3,6H,4-5,7-8H2",DWMBQAARHQMNQX-UHFFFAOYSA-N,23077696.0
237.68,C12H12ClNO2,237.68,C12H12ClNO2,CCC1(Cl)C(=O)N(C)c2ccccc2C1=O,['ZereneX Molecular Ltd'],0,,,336493228,"InChI=1S/C12H12ClNO2/c1-3-12(13)10(15)8-6-4-5-7-9(8)14(2)11(12)16/h4-7H,3H2,1-2H3",MAURNSBLYBRPOJ-UHFFFAOYSA-N,2785081.0
239.27,C12H17NO4,239.27,C12H17NO4,CCOC(=O)[C@@H]1CCC2(C)CC(=O)CC(=O)N12,['Pharmablock'],0,,"ethyl (3S)-8a-methyl-5,7-dioxo-1,2,3,8-tetrahydroindolizine-3-carboxylate",337717126,"InChI=1S/C12H17NO4/c1-3-17-11(16)9-4-5-12(2)7-8(14)6-10(15)13(9)12/h9H,3-7H2,1-2H3/t9-,12?/m0/s1",RCVJOIMULQAOED-QHGLUPRGSA-N,162684078.0
239.27,C12H17NO4,239.27,C12H17NO4,COC(=O)[C@@H]1CC(C)(C)C2CC(=O)CC(=O)N12,['Pharmablock'],0,,"methyl (3S)-1,1-dimethyl-5,7-dioxo-2,3,8,8a-tetrahydroindolizine-3-carboxylate",337718662,"InChI=1S/C12H17NO4/c1-12(2)6-8(11(16)17-3)13-9(12)4-7(14)5-10(13)15/h8-9H,4-6H2,1-3H3/t8-,9?/m0/s1",YXQCVJAWUDMUST-IENPIDJESA-N,162684652.0
239.7,C12H14ClNO2,239.7,C12H14ClNO2,CN(Cc1cccc(Cl)c1)C(=O)CC(C)=O,['Bio-Farma'],0,,N-[(3-chlorophenyl)methyl]-N-methyl-3-oxobutanamide,31409397,"InChI=1S/C12H14ClNO2/c1-9(15)6-12(16)14(2)8-10-4-3-5-11(13)7-10/h3-5,7H,6,8H2,1-2H3",OESFWZNQDAJVBD-UHFFFAOYSA-N,12131491.0
239.7,C12H14ClNO2,239.7,C12H14ClNO2,CN(Cc1ccccc1Cl)C(=O)CC(C)=O,['Bio-Farma'],0,,N-[(2-chlorophenyl)methyl]-N-methyl-3-oxobutanamide,31409503,"InChI=1S/C12H14ClNO2/c1-9(15)7-12(16)14(2)8-10-5-3-4-6-11(10)13/h3-6H,7-8H2,1-2H3",YZNLWPKFBLUTMR-UHFFFAOYSA-N,12131481.0
240.22,C10H12N2O5,240.22,C10H12N2O5,CN1C(=O)C(C(=O)CC(C)=O)C(=O)N(C)C1=O,['Key Organics/BIONET'],11,,"5-acetoacetyl-1,3-dimethyl-2,4,6(1H,3H,5H)-pyrimidinetrione",4858696,"InChI=1S/C10H12N2O5/c1-5(13)4-6(14)7-8(15)11(2)10(17)12(3)9(7)16/h7H,4H2,1-3H3",MTKDDADAOHSKMS-UHFFFAOYSA-N,1487846.0
241.24,C11H15NO5,241.24,C11H15NO5,CO[C@@H]1C[C@H](N2C1CC(=O)CC2=O)C(=O)OC,['Pharmablock'],0,,"methyl (1R,3S)-1-methoxy-5,7-dioxo-2,3,8,8a-tetrahydro-1H-indolizine-3-carboxylate",337717638,"InChI=1S/C11H15NO5/c1-16-9-5-8(11(15)17-2)12-7(9)3-6(13)4-10(12)14/h7-9H,3-5H2,1-2H3/t7?,8-,9+/m0/s1",HHNBIMWOFICGRL-SXNZSPLWSA-N,162684348.0
241.29,C12H19NO4,241.29,C12H19NO4,CCOC(=O)C1CCN(CC1)C(=O)CC(C)=O,['Ambeed'],0,,Ethyl 1-(3-oxobutanoyl)piperidine-4-carboxylate,1221999,"InChI=1S/C12H19NO4/c1-3-17-12(16)10-4-6-13(7-5-10)11(15)8-9(2)14/h10H,3-8H2,1-2H3",GCQOFFVMMOBQSJ-UHFFFAOYSA-N,3107398.0
241.29,C12H19NO4,241.29,C12H19NO4,CCC1CN(C(=O)OC(C)(C)C)C(=O)CC1=O,['Aldlab Chemicals'],0,,"tert-Butyl5-ethyl-2,4-dioxopiperidine-1-carboxylate",44390885,"InChI=1S/C12H19NO4/c1-5-8-7-13(10(15)6-9(8)14)11(16)17-12(2,3)4/h8H,5-7H2,1-4H3",KNXSCLVWCAEWDH-UHFFFAOYSA-N,69181746.0
241.29,C12H19NO4,241.29,C12H19NO4,CC(C)(C)OC(=O)N1C(=O)CC(=O)CC1(C)C,['Bio-Farma'],0,,"tert-butyl 2,2-dimethyl-4,6-dioxopiperidine-1-carboxylate",114923302,"InChI=1S/C12H19NO4/c1-11(2,3)17-10(16)13-9(15)6-8(14)7-12(13,4)5/h6-7H2,1-5H3",GMSOKQZFTCRPDW-UHFFFAOYSA-N,125511662.0
241.29,C12H19NO4,241.29,C12H19NO4,CC[C@H]1CN(C(=O)OC(C)(C)C)C(=O)CC1=O,['SpiroChem'],0,,"tert-butyl 5-ethyl-2,4-dioxopiperidine-1-carboxylate",259513839,"InChI=1S/C12H19NO4/c1-5-8-7-13(10(15)6-9(8)14)11(16)17-12(2,3)4/h8H,5-7H2,1-4H3/t8-/m0/s1",KNXSCLVWCAEWDH-QMMMGPOBSA-N,86307698.0
241.29,C12H19NO4,241.29,C12H19NO4,CC[C@@H]1CN(C(=O)OC(C)(C)C)C(=O)CC1=O,['Pharmablock'],0,,"tert-butyl (5R)-5-ethyl-2,4-dioxopiperidine-1-carboxylate",345879863,"InChI=1S/C12H19NO4/c1-5-8-7-13(10(15)6-9(8)14)11(16)17-12(2,3)4/h8H,5-7H2,1-4H3/t8-/m1/s1",KNXSCLVWCAEWDH-MRVPVSSYSA-N,86307697.0
242.28,C11H18N2O4,242.28,C11H18N2O4,CCOC(=O)N1CCN(CC1)C(=O)CC(C)=O,['Innovapharm Ltd.'],0,,,31520080,"InChI=1S/C11H18N2O4/c1-3-17-11(16)13-6-4-12(5-7-13)10(15)8-9(2)14/h3-8H2,1-2H3",HEGGHBXYHUEJGY-UHFFFAOYSA-N,263187.0
243.31,C15H17NO2,243.31,C15H17NO2,C=CN1CCCCC(C(=O)c2ccccc2)C1=O,['EvoBlocks'],0,,3-benzoyl-1-ethenylazepan-2-one,11466466,"InChI=1S/C15H17NO2/c1-2-16-11-7-6-10-13(15(16)18)14(17)12-8-4-3-5-9-12/h2-5,8-9,13H,1,6-7,10-11H2",IOIMHZKQVYKGLR-UHFFFAOYSA-N,12119795.0
243.26,C14H13NO3,243.26,C14H13NO3,CC(=O)C1C(=O)N2CCCc3cccc(C1=O)c23,['Apollo Scientific'],0,,"3-Acetyl-4-hydroxy-1-azatricyclo[7.3.1.05,13]trideca-3,5(13),6,8-tetraen-2-one",317397839,"InChI=1S/C14H13NO3/c1-8(16)11-13(17)10-6-2-4-9-5-3-7-15(12(9)10)14(11)18/h2,4,6,11H,3,5,7H2,1H3",MRHTWNDUCCEAMT-UHFFFAOYSA-N,145918661.0
244.07,C10H7Cl2NO2,244.07,C10H7Cl2NO2,CN1C(=O)C(Cl)(Cl)C(=O)c2ccccc12,['ZereneX Molecular Ltd'],0,,,1847109,"InChI=1S/C10H7Cl2NO2/c1-13-7-5-3-2-4-6(7)8(14)10(11,12)9(13)15/h2-5H,1H3",CWHVPZVGWJBXIF-UHFFFAOYSA-N,2785054.0
244.29,C14H16N2O2,244.29,C14H16N2O2,C=CN1CCCCC(C(=O)c2ccncc2)C1=O,['Angel Pharmatech'],0,,3-Isonicotinoyl-1-vinylazepan-2-one,11466470,"InChI=1S/C14H16N2O2/c1-2-16-10-4-3-5-12(14(16)18)13(17)11-6-8-15-9-7-11/h2,6-9,12H,1,3-5,10H2",OUXUWUZGOHBWLA-UHFFFAOYSA-N,17389782.0
245.23,C13H11NO4,245.23,C13H11NO4,OC(=O)C1C(=O)N(CC=C)c2ccccc2C1=O,['Angel Pharmatech'],0,,"1-Allyl-2,4-dioxo-1,2,3,4-tetrahydroquinoline-3-carboxylic acid",1174574,"InChI=1S/C13H11NO4/c1-2-7-14-9-6-4-3-5-8(9)11(15)10(12(14)16)13(17)18/h2-6,10H,1,7H2,(H,17,18)",VNDRVBCBOASWAE-UHFFFAOYSA-N,3094889.0
245.28,C14H15NO3,245.28,C14H15NO3,COc1ccc(cc1)C(=O)C1CCN(C=C)C1=O,['Angel Pharmatech'],0,,3-(4-Methoxybenzoyl)-1-vinylpyrrolidin-2-one,11466482,"InChI=1S/C14H15NO3/c1-3-15-9-8-12(14(15)17)13(16)10-4-6-11(18-2)7-5-10/h3-7,12H,1,8-9H2,2H3",ZEDMFRFLZCFXEN-UHFFFAOYSA-N,12119091.0
245.32,C15H19NO2,245.32,C15H19NO2,CC(C)(C)N1C(CC(=O)CC1=O)c1ccccc1,['Key Organics/BIONET'],11,,"1-(tert-butyl)-6-phenyldihydro-2,4(1H,3H)-pyridinedione",31628841,"InChI=1S/C15H19NO2/c1-15(2,3)16-13(9-12(17)10-14(16)18)11-7-5-4-6-8-11/h4-8,13H,9-10H2,1-3H3",VLLWCNTUXHROIS-UHFFFAOYSA-N,2766377.0
246.31,C14H18N2O2,246.31,C14H18N2O2,CC(=O)CC(=O)N1CCN(CC1)c1ccccc1,['Innovapharm Ltd.'],0,,,1445683,"InChI=1S/C14H18N2O2/c1-12(17)11-14(18)16-9-7-15(8-10-16)13-5-3-2-4-6-13/h2-6H,7-11H2,1H3",QYHWWWNJUHBPKF-UHFFFAOYSA-N,2294809.0
247.25,C13H13NO4,247.25,C13H13NO4,O=C(OCc1ccccc1)N1CCC(=O)CC1=O,['Advanced ChemBlocks'],0,,"benzyl 2,4-dioxopiperidine-1-carboxylate",76750412,"InChI=1S/C13H13NO4/c15-11-6-7-14(12(16)8-11)13(17)18-9-10-4-2-1-3-5-10/h1-5H,6-9H2",PMRBIPWZMRFSQF-UHFFFAOYSA-N,119007601.0
247.29,C14H17NO3,247.29,C14H17NO3,CCCCC1(O)C(=O)N(C)c2ccccc2C1=O,['ZereneX Molecular Ltd'],0,,,1849393,"InChI=1S/C14H17NO3/c1-3-4-9-14(18)12(16)10-7-5-6-8-11(10)15(2)13(14)17/h5-8,18H,3-4,9H2,1-2H3",QWZGZYRXESDJLX-UHFFFAOYSA-N,2786135.0
248.24,C12H12N2O4,248.24,C12H12N2O4,[O-][N+](=O)c1ccc(CN2CCC(=O)CC2=O)cc1,['Alichem'],0,,"1-(4-Nitrobenzyl)piperidine-2,4-dione",53890391,"InChI=1S/C12H12N2O4/c15-11-5-6-13(12(16)7-11)8-9-1-3-10(4-2-9)14(17)18/h1-4H,5-8H2",JTEASFKFEGLQDV-UHFFFAOYSA-N,20204038.0
249.28,C14H16FNO2,249.28,C14H16FNO2,CCC(=O)C1CCCN(C1=O)c1ccc(F)cc1,['Bio-Farma'],0,,1-(4-fluorophenyl)-3-propanoylpiperidin-2-one,315244689,"InChI=1S/C14H16FNO2/c1-2-13(17)12-4-3-9-16(14(12)18)11-7-5-10(15)6-8-11/h5-8,12H,2-4,9H2,1H3",XOWJXPAWHRTKAX-UHFFFAOYSA-N,138039431.0
249.28,C14H16FNO2,249.28,C14H16FNO2,CCC(=O)C1CCCN(C1=O)c1cccc(F)c1,['Bio-Farma'],0,,1-(3-fluorophenyl)-3-propanoylpiperidin-2-one,315245201,"InChI=1S/C14H16FNO2/c1-2-13(17)12-7-4-8-16(14(12)18)11-6-3-5-10(15)9-11/h3,5-6,9,12H,2,4,7-8H2,1H3",RHRGFTOXIOITPX-UHFFFAOYSA-N,138039433.0
249.28,C14H16FNO2,249.28,C14H16FNO2,CCC(=O)C1CCCN(C1=O)c1ccccc1F,['Bio-Farma'],0,,1-(2-fluorophenyl)-3-propanoylpiperidin-2-one,315248272,"InChI=1S/C14H16FNO2/c1-2-13(17)10-6-5-9-16(14(10)18)12-8-4-3-7-11(12)15/h3-4,7-8,10H,2,5-6,9H2,1H3",IVWIAVIYNOKJGI-UHFFFAOYSA-N,138039429.0
249.69,C13H12ClNO2,249.69,C13H12ClNO2,CCC1(Cl)C(=O)N2CCc3cccc(c23)C1=O,['ChemShuttle'],178290,,"5-chloro-5-ethyl-1H-pyrrolo[3,2,1-ij]quinoline-4,6(2H,5H)-dione",81814804,"InChI=1S/C13H12ClNO2/c1-2-13(14)11(16)9-5-3-4-8-6-7-15(10(8)9)12(13)17/h3-5H,2,6-7H2,1H3",ATWTZIRCPQDPDO-UHFFFAOYSA-N,45117924.0
250.34,C14H22N2O2,250.34,C14H22N2O2,CC1(C)C2CCC(C2)(C(=O)N2CCNCC2)C1=O,['Angel Pharmatech'],0,,"3,3-Dimethyl-1-(piperazine-1-carbonyl)bicyclo[2.2.1]heptan-2-one",43303734,"InChI=1S/C14H22N2O2/c1-13(2)10-3-4-14(9-10,11(13)17)12(18)16-7-5-15-6-8-16/h10,15H,3-9H2,1-2H3",SOOJMVUQHXUCBV-UHFFFAOYSA-N,102547250.0
250.34,C14H22N2O2,250.34,C14H22N2O2,CC1(C)C2CCC1(C(=O)N1CCNCC1)C(=O)C2,['Princeton BioMolecular Research'],0,,"7,7-Dimethyl-1-(piperazine-1-carbonyl)-bicyclo[2.2.1]heptan-2-one",43303776,"InChI=1S/C14H22N2O2/c1-13(2)10-3-4-14(13,11(17)9-10)12(18)16-7-5-15-6-8-16/h10,15H,3-9H2,1-2H3",JABAOMYJRWSLEM-UHFFFAOYSA-N,102547268.0
251.34,C13H17NO2S,251.34,C13H17NO2S,CC(C)(C)N1C(CC(=O)CC1=O)c1cccs1,['Key Organics/BIONET'],4,,"1-(tert-butyl)-6-(2-thienyl)dihydro-2,4(1H,3H)-pyridinedione",42973455,"InChI=1S/C13H17NO2S/c1-13(2,3)14-10(11-5-4-6-17-11)7-9(15)8-12(14)16/h4-6,10H,7-8H2,1-3H3",ACCBUMIEADDSNB-UHFFFAOYSA-N,3571090.0
252.27,C12H16N2O4,252.27,C12H16N2O4,COc1cc(cc(OC)n1)C(=O)CC(=O)N(C)C,['Pharmablock'],0,,"3-(2,6-dimethoxy-4-pyridyl)-N,N-dimethyl-3-oxo-propanamide",324139578,"InChI=1S/C12H16N2O4/c1-14(2)12(16)7-9(15)8-5-10(17-3)13-11(6-8)18-4/h5-6H,7H2,1-4H3",GZBGWUCXJVPOHW-UHFFFAOYSA-N,153540249.0
252.31,C13H20N2O3,252.31,C13H20N2O3,CC(=O)CC(=O)N1C(C)(C)C=C(C(N)=O)C1(C)C,['Toronto Research Chemicals'],0,,"1-Acetoacetyl-2,2,5,5-tetramethyl-3-pyrroline-3-carboxamide",43548032,"InChI=1S/C13H20N2O3/c1-8(16)6-10(17)15-12(2,3)7-9(11(14)18)13(15,4)5/h7H,6H2,1-5H3,(H2,14,18)",QRHAMBHRALJCOT-UHFFFAOYSA-N,71313003.0
253.3,C13H19NO4,253.3,C13H19NO4,CC(C)(C)OC(=O)N1C2CCC(C)(C(=O)C2)C1=O,['AA Blocks LLC'],0,,"Tert-Butyl 4-Methyl-3,5-Dioxo-2-Azabicyclo[2.2.2]Octane-2-Carboxylate",95579497,"InChI=1S/C13H19NO4/c1-12(2,3)18-11(17)14-8-5-6-13(4,10(14)16)9(15)7-8/h8H,5-7H2,1-4H3",PBGRPEXKXVOSTC-UHFFFAOYSA-N,127263487.0
253.3,C13H19NO4,253.3,C13H19NO4,CC(C)(C)OC(=O)N1C(=O)CC(=O)CC11CCC1,['Abosyn Chemicals Inc.'],40,,"tert-butyl 6,8-dioxo-5-azaspiro[3.5]nonane-5-carboxylate",317761002,"InChI=1S/C13H19NO4/c1-12(2,3)18-11(17)14-10(16)7-9(15)8-13(14)5-4-6-13/h4-8H2,1-3H3",VWPCGVABSFDJBZ-UHFFFAOYSA-N,59558334.0
253.3,C13H19NO4,253.3,C13H19NO4,CC(C)(C)OC(=O)N1C2CCCC2C(=O)CC1=O,['Angene Chemical'],0,,"tert-butyl 2,4-dioxo-5,6,7,7a-tetrahydro-4aH-cyclopenta[b]pyridine-1-carboxylate",331072507,"InChI=1S/C13H19NO4/c1-13(2,3)18-12(17)14-9-6-4-5-8(9)10(15)7-11(14)16/h8-9H,4-7H2,1-3H3",CZPCMWRYIGSHBW-UHFFFAOYSA-N,86642118.0
253.3,C16H15NO2,253.3,C16H15NO2,CC(=O)CC(=O)N(c1ccccc1)c1ccccc1,['ZereneX Molecular Ltd'],0,,,545133,"InChI=1S/C16H15NO2/c1-13(18)12-16(19)17(14-8-4-2-5-9-14)15-10-6-3-7-11-15/h2-11H,12H2,1H3",VLPXGVNKPRHLGC-UHFFFAOYSA-N,137633.0
255.31,C13H21NO4,255.31,C13H21NO4,CC(C)C1CC(=O)CC(=O)N1C(=O)OC(C)(C)C,['BLD Pharmatech'],0,,"tert-Butyl 2-isopropyl-4,6-dioxopiperidine-1-carboxylate",337854059,"InChI=1S/C13H21NO4/c1-8(2)10-6-9(15)7-11(16)14(10)12(17)18-13(3,4)5/h8,10H,6-7H2,1-5H3",UEVWDFWZAUYSFM-UHFFFAOYSA-N,25193719.0
255.31,C13H21NO4,255.31,C13H21NO4,CCCC1CN(C(=O)OC(C)(C)C)C(=O)CC1=O,['Pharmablock'],0,,"tert-butyl 2,4-dioxo-5-propylpiperidine-1-carboxylate",345879858,"InChI=1S/C13H21NO4/c1-5-6-9-8-14(11(16)7-10(9)15)12(17)18-13(2,3)4/h9H,5-8H2,1-4H3",VULUFUGPYRWVKZ-UHFFFAOYSA-N,134855868.0
257.21,C12H10F3NO2,257.21,C12H10F3NO2,CN1C(=O)C(Cc2ccccc12)C(=O)C(F)(F)F,['Princeton BioMolecular Research'],0,,"1-Methyl-3-(2,2,2-trifluoro-acetyl)-3,4-dihydro-1H-quinolin-2-one",70145026,"InChI=1S/C12H10F3NO2/c1-16-9-5-3-2-4-7(9)6-8(11(16)18)10(17)12(13,14)15/h2-5,8H,6H2,1H3",YJRCILFIURHPDB-UHFFFAOYSA-N,10999701.0
257.33,C16H19NO2,257.33,C16H19NO2,Cc1ccc(cc1)C(=O)C1CCCCN(C=C)C1=O,['Angel Pharmatech'],0,,3-(4-Methylbenzoyl)-1-vinylazepan-2-one,11466468,"InChI=1S/C16H19NO2/c1-3-17-11-5-4-6-14(16(17)19)15(18)13-9-7-12(2)8-10-13/h3,7-10,14H,1,4-6,11H2,2H3",SEESRPLDEZMTOA-UHFFFAOYSA-N,12119791.0
258.1,C11H9Cl2NO2,258.1,C11H9Cl2NO2,CCN1C(=O)C(Cl)(Cl)C(=O)c2ccccc12,['ZereneX Molecular Ltd'],0,,,1847111,"InChI=1S/C11H9Cl2NO2/c1-2-14-8-6-4-3-5-7(8)9(15)11(12,13)10(14)16/h3-6H,2H2,1H3",XJBDCKNSFHNIIB-UHFFFAOYSA-N,2785055.0
259.35,C16H21NO2,259.35,C16H21NO2,Cc1ccc(cc1)C1CC(=O)CC(=O)N1C(C)(C)C,['Key Organics/BIONET'],4,,"1-(tert-butyl)-6-(4-methylphenyl)dihydro-2,4(1H,3H)-pyridinedione",42973459,"InChI=1S/C16H21NO2/c1-11-5-7-12(8-6-11)14-9-13(18)10-15(19)17(14)16(2,3)4/h5-8,14H,9-10H2,1-4H3",QHWHMTNKNSPXNB-UHFFFAOYSA-N,3851996.0
259.35,C16H21NO2,259.35,C16H21NO2,CC(=O)CC(=O)N1CCC(Cc2ccccc2)CC1,['Innovapharm Ltd.'],0,,,50030163,"InChI=1S/C16H21NO2/c1-13(18)11-16(19)17-9-7-15(8-10-17)12-14-5-3-2-4-6-14/h2-6,15H,7-12H2,1H3",WVAYLEKLHMHXOY-UHFFFAOYSA-N,17607432.0
260.25,C13H12N2O4,260.25,C13H12N2O4,CN1C(=O)C(C(=O)c2ccccc2)C(=O)N(C)C1=O,['Key Organics/BIONET'],0,,"5-benzoyl-1,3-dimethyl-2,4,6(1H,3H,5H)-pyrimidinetrione",36799432,"InChI=1S/C13H12N2O4/c1-14-11(17)9(12(18)15(2)13(14)19)10(16)8-6-4-3-5-7-8/h3-7,9H,1-2H3",LJAPPXNROQLECP-UHFFFAOYSA-N,2785824.0
260.34,C15H20N2O2,260.34,C15H20N2O2,CC(=O)CC(=O)N1CCN(Cc2ccccc2)CC1,['Innovapharm Ltd.'],0,,,33295946,"InChI=1S/C15H20N2O2/c1-13(18)11-15(19)17-9-7-16(8-10-17)12-14-5-3-2-4-6-14/h2-6H,7-12H2,1H3",SXPZCCQSUXFRSN-UHFFFAOYSA-N,3481311.0
261.28,C14H15NO4,261.28,C14H15NO4,CCOC(=O)C1C(C(C)=O)C(=O)N1c1ccccc1,['Princeton BioMolecular Research'],0,,3-Acetyl-4-oxo-1-phenyl-azetidine-2-carboxylic acid ethyl ester,50382548,"InChI=1S/C14H15NO4/c1-3-19-14(18)12-11(9(2)16)13(17)15(12)10-7-5-4-6-8-10/h4-8,11-12H,3H2,1-2H3",VXCXVDJGUUKTJJ-UHFFFAOYSA-N,102569804.0
261.3,C15H16FNO2,261.3,C15H16FNO2,Fc1ccc(CN2CCC3(CCCC3=O)C2=O)cc1,['Key Organics/BIONET'],0,,"2-(4-fluorobenzyl)-2-azaspiro[4.4]nonane-1,6-dione",42975539,"InChI=1S/C15H16FNO2/c16-12-5-3-11(4-6-12)10-17-9-8-15(14(17)19)7-1-2-13(15)18/h3-6H,1-2,7-10H2",SXCWDZHRKVQERV-UHFFFAOYSA-N,3723318.0
261.31,C9H11NO4S2,261.31,C9H11NO4S2,CN(C)C(=O)C(C(C)=O)=C1SC(S1)C(O)=O,['Princeton BioMolecular Research'],0,,"4-(1-Dimethylcarbamoyl-2-oxo-propylidene)-[1,3]dithietane-2-carboxylic acid",42809614,"InChI=1S/C9H11NO4S2/c1-4(11)5(6(12)10(2)3)8-15-9(16-8)7(13)14/h9H,1-3H3,(H,13,14)",UIQHRMUUFFPFRE-UHFFFAOYSA-N,102535454.0
263.29,C14H17NO4,263.29,C14H17NO4,COc1ccc(CN2CCC(=O)CC2=O)c(OC)c1,['Alichem'],0,,"1-(2,4-Dimethoxybenzyl)piperidine-2,4-dione",43609129,"InChI=1S/C14H17NO4/c1-18-12-4-3-10(13(8-12)19-2)9-15-6-5-11(16)7-14(15)17/h3-4,8H,5-7,9H2,1-2H3",PGROSQDLRRDQKM-UHFFFAOYSA-N,49760086.0
263.29,C14H17NO4,263.29,C14H17NO4,COc1ccc(CN2CCC(=O)CC2=O)cc1OC,['Alichem'],0,,"1-(3,4-Dimethoxybenzyl)piperidine-2,4-dione",53890387,"InChI=1S/C14H17NO4/c1-18-12-4-3-10(7-13(12)19-2)9-15-6-5-11(16)8-14(15)17/h3-4,7H,5-6,8-9H2,1-2H3",FWUOYTVWMSVKNC-UHFFFAOYSA-N,79516959.0
263.29,C14H17NO4,263.29,C14H17NO4,COC(=O)C1=C2CCCCN2C(=O)C2(CCC2)C1=O,['Princeton BioMolecular Research'],0,,"methyl 2',4'-dioxo-6',7',8',9'-tetrahydro-2'H-spiro[cyclobutane-1,3'-quinolizine]-1'-carboxylate",320451080,"InChI=1S/C14H17NO4/c1-19-12(17)10-9-5-2-3-8-15(9)13(18)14(11(10)16)6-4-7-14/h2-8H2,1H3",BFLBPTPHXUDIGW-UHFFFAOYSA-N,145884555.0
263.31,C15H18FNO2,263.31,C15H18FNO2,CC(C)(C)N1C(CC(=O)CC1=O)c1ccc(F)cc1,['Key Organics/BIONET'],4,,"1-(tert-butyl)-6-(4-fluorophenyl)dihydro-2,4(1H,3H)-pyridinedione",42973457,"InChI=1S/C15H18FNO2/c1-15(2,3)17-13(8-12(18)9-14(17)19)10-4-6-11(16)7-5-10/h4-7,13H,8-9H2,1-3H3",ZOMLKGULDPURPQ-UHFFFAOYSA-N,3814648.0
263.34,C15H21NO3,263.34,C15H21NO3,CC1(C)C2(C)CCC1(C(=O)N1CCCC1)C(=O)C2=O,['Princeton BioMolecular Research'],0,,"1,7,7-Trimethyl-4-(pyrrolidine-1-carbonyl)-bicyclo[2.2.1]heptane-2,3-dione",44686401,"InChI=1S/C15H21NO3/c1-13(2)14(3)6-7-15(13,11(18)10(14)17)12(19)16-8-4-5-9-16/h4-9H2,1-3H3",YVIGUFXTBYOYEI-UHFFFAOYSA-N,102547679.0
264.28,C13H16N2O4,264.28,C13H16N2O4,CC(=O)CC(=O)N1CCN(CC1)C(=O)c1ccco1,['Innovapharm Ltd.'],0,,,50030161,"InChI=1S/C13H16N2O4/c1-10(16)9-12(17)14-4-6-15(7-5-14)13(18)11-3-2-8-19-11/h2-3,8H,4-7,9H2,1H3",LXHCIYPMWOIUMN-UHFFFAOYSA-N,17607431.0
264.3,C14H17FN2O2,264.3,C14H17FN2O2,CC(=O)CC(=O)N1CCN(CC1)c1ccc(F)cc1,['Aldlab Chemicals'],0,,"1,3-Butanedione,1-[4-(4-fluorophenyl)-1-piperazinyl]-",2345307,"InChI=1S/C14H17FN2O2/c1-11(18)10-14(19)17-8-6-16(7-9-17)13-4-2-12(15)3-5-13/h2-5H,6-10H2,1H3",OTQWRMZDZWOOAP-UHFFFAOYSA-N,754073.0
264.32,C14H20N2O3,264.32,C14H20N2O3,CC1(C)C2CCC1(C(=O)N1CCNCC1)C(=O)C2=O,['Princeton BioMolecular Research'],0,,"7,7-Dimethyl-1-(piperazine-1-carbonyl)-bicyclo[2.2.1]heptane-2,3-dione",43303768,"InChI=1S/C14H20N2O3/c1-13(2)9-3-4-14(13,11(18)10(9)17)12(19)16-7-5-15-6-8-16/h9,15H,3-8H2,1-2H3",SCGFXIWFJNSUCW-UHFFFAOYSA-N,102547265.0
264.37,C15H24N2O2,264.37,C15H24N2O2,CN1CCN(CC1)C(=O)C12CCC(C1)C(C)(C)C2=O,['Innovapharm Ltd.'],0,,,2314713,"InChI=1S/C15H24N2O2/c1-14(2)11-4-5-15(10-11,12(14)18)13(19)17-8-6-16(3)7-9-17/h11H,4-10H2,1-3H3",LXVPELZWNPIMQG-UHFFFAOYSA-N,2950868.0
265.31,C17H15NO2,265.31,C17H15NO2,CN1C(=O)C(C(=O)Cc2ccccc2)c2ccccc12,['Innovapharm Ltd.'],0,,,50076245,"InChI=1S/C17H15NO2/c1-18-14-10-6-5-9-13(14)16(17(18)20)15(19)11-12-7-3-2-4-8-12/h2-10,16H,11H2,1H3",GRARUBYQMMYVRD-UHFFFAOYSA-N,66490412.0
266.26,C15H10N2O3,266.26,C15H10N2O3,O\N=C1/C(=O)N(c2ccccc2)c2ccccc2C1=O,"['Combi-Blocks, Inc.']",0,,"(3Z)-1-Phenylquinoline-2,3,4(1h)-trione 3-oxime",45987611,"InChI=1S/C15H10N2O3/c18-14-11-8-4-5-9-12(11)17(15(19)13(14)16-20)10-6-2-1-3-7-10/h1-9,20H/b16-13-",DSBMNPHSFGOIFG-SSZFMOIBSA-N,9589979.0
267.28,C16H13NO3,267.28,C16H13NO3,CN1C(=O)C(O)(C(=O)c2ccccc12)c1ccccc1,['ZereneX Molecular Ltd'],0,,,336472965,"InChI=1S/C16H13NO3/c1-17-13-10-6-5-9-12(13)14(18)16(20,15(17)19)11-7-3-2-4-8-11/h2-10,20H,1H3",HNZCOBZJMGJBRW-UHFFFAOYSA-N,2784777.0
269.27,C16H12FNO2,269.27,C16H12FNO2,CN1C(=O)C(F)(C(=O)c2ccccc12)c1ccccc1,['ZereneX Molecular Ltd'],0,,,336492462,"InChI=1S/C16H12FNO2/c1-18-13-10-6-5-9-12(13)14(19)16(17,15(18)20)11-7-3-2-4-8-11/h2-10H,1H3",NQBZADSJDPUANX-UHFFFAOYSA-N,2785113.0
269.34,C14H23NO4,269.34,C14H23NO4,CC(C)CC1CN(C(=O)OC(C)(C)C)C(=O)CC1=O,['Aldlab Chemicals'],0,,"1-Piperidinecarboxylicacid,5-(2-methylpropyl)-2,4-dioxo-,1,1-dimethylethylester",95765838,"InChI=1S/C14H23NO4/c1-9(2)6-10-8-15(12(17)7-11(10)16)13(18)19-14(3,4)5/h9-10H,6-8H2,1-5H3",JASNOTOSLYHXAY-UHFFFAOYSA-N,69183944.0
269.34,C14H23NO4,269.34,C14H23NO4,CC(C)CC1CC(=O)CC(=O)N1C(=O)OC(C)(C)C,['Aquila Pharmatech'],0,,"1-Piperidinecarboxylic acid, 2-(2-methylpropyl)-4,6-dioxo-, 1,1-dimethylethyl ester",317861361,"InChI=1S/C14H23NO4/c1-9(2)6-10-7-11(16)8-12(17)15(10)13(18)19-14(3,4)5/h9-10H,6-8H2,1-5H3",ITGCCWJBYYYGSN-UHFFFAOYSA-N,25193505.0
270.11,C12H9Cl2NO2,270.11,C12H9Cl2NO2,ClC1(Cl)C(=O)N2CCCc3cccc(C1=O)c23,['ZereneX Molecular Ltd'],0,,,1847119,"InChI=1S/C12H9Cl2NO2/c13-12(14)10(16)8-5-1-3-7-4-2-6-15(9(7)8)11(12)17/h1,3,5H,2,4,6H2",KLZLDDNLEVACMY-UHFFFAOYSA-N,2785059.0
270.33,C13H22N2O4,270.33,C13H22N2O4,CC(=O)CC(=O)N1CCN(CC1)C(=O)OC(C)(C)C,['Alichem'],0,,tert-Butyl 4-(3-oxobutanoyl)piperazine-1-carboxylate,49848549,"InChI=1S/C13H22N2O4/c1-10(16)9-11(17)14-5-7-15(8-6-14)12(18)19-13(2,3)4/h5-9H2,1-4H3",IDSUGFWKJSGGAU-UHFFFAOYSA-N,22028659.0
270.33,C16H18N2O2,270.33,C16H18N2O2,CN(C)C=C1C(=O)CC2N(CCc3ccccc23)C1=O,['Key Organics/BIONET'],5,,"3-[(dimethylamino)methylene]-1,6,7,11b-tetrahydro-2H-pyrido[2,1-a]isoquinoline-2,4(3H)-dione",42973799,"InChI=1S/C16H18N2O2/c1-17(2)10-13-15(19)9-14-12-6-4-3-5-11(12)7-8-18(14)16(13)20/h3-6,10,14H,7-9H2,1-2H3",AUNDIZGRRIFIKK-UHFFFAOYSA-N,3845318.0
271.27,C12H17NO6,271.27,C12H17NO6,COC(=O)C1CC(=O)CC(=O)N1C(=O)OC(C)(C)C,['Pharmablock'],0,,"1-tert-butyl 2-methyl 4,6-dioxopiperidine-1,2-dicarboxylate",345830765,"InChI=1S/C12H17NO6/c1-12(2,3)19-11(17)13-8(10(16)18-4)5-7(14)6-9(13)15/h8H,5-6H2,1-4H3",FVKJXOBBNZOLCP-UHFFFAOYSA-N,163250336.0
271.36,C17H21NO2,271.36,C17H21NO2,CC(C)(C)N1C(CC(=O)CC1=O)\C=C\c1ccccc1,['Key Organics/BIONET'],4,,"1-(tert-butyl)-6-styryldihydro-2,4(1H,3H)-pyridinedione",45786977,"InChI=1S/C17H21NO2/c1-17(2,3)18-14(11-15(19)12-16(18)20)10-9-13-7-5-4-6-8-13/h4-10,14H,11-12H2,1-3H3/b10-9+",ZRZIPHICTAAYIA-MDZDMXLPSA-N,5829657.0
271.7,C15H10ClNO2,271.7,C15H10ClNO2,Clc1ccc2C(=O)CC(=O)N(c3ccccc3)c2c1,['AstaTech'],0,,"7-CHLORO-1-PHENYL-QUINOLINE-2,4-DIONE",337896464,"InChI=1S/C15H10ClNO2/c16-10-6-7-12-13(8-10)17(15(19)9-14(12)18)11-4-2-1-3-5-11/h1-8H,9H2",PMPBALWQXGOCRP-UHFFFAOYSA-N,164886462.0
272.3,C15H16N2O3,272.3,C15H16N2O3,CON=CC1C(=O)CC2N(CCc3ccccc23)C1=O,['Key Organics/BIONET'],5,,"2,4-dioxo-1,3,4,6,7,11b-hexahydro-2H-pyrido[2,1-a]isoquinoline-3-carbaldehyde O-methyloxime",36798280,"InChI=1S/C15H16N2O3/c1-20-16-9-12-14(18)8-13-11-5-3-2-4-10(11)6-7-17(13)15(12)19/h2-5,9,12-13H,6-8H2,1H3",DQZARWXLLYEZPO-UHFFFAOYSA-N,4309233.0
273.38,C17H23NO2,273.38,C17H23NO2,CCN1C(c2ccccc2)C(C)(C)C(=O)C(C)(C)C1=O,['ZereneX Molecular Ltd'],0,,,38902,"InChI=1S/C17H23NO2/c1-6-18-13(12-10-8-7-9-11-12)16(2,3)14(19)17(4,5)15(18)20/h7-11,13H,6H2,1-5H3",PXFLXARPCLFVBR-UHFFFAOYSA-N,44721170.0
274.28,C14H14N2O4,274.28,C14H14N2O4,CCC1(C(=O)N2CCCc3cccc(C1=O)c23)[N+]([O-])=O,['ZereneX Molecular Ltd'],0,,,336478639,"InChI=1S/C14H14N2O4/c1-2-14(16(19)20)12(17)10-7-3-5-9-6-4-8-15(11(9)10)13(14)18/h3,5,7H,2,4,6,8H2,1H3",YVWMWQMWKBDOJY-UHFFFAOYSA-N,2784167.0
275.3,C15H17NO4,275.3,C15H17NO4,CCOC(=O)C1C(=O)CCN(Cc2ccccc2)C1=O,"['Combi-Blocks, Inc.']",0,,"Ethyl 1-benzyl-2,4-dioxopiperidine-3-carboxylate",36096238,"InChI=1S/C15H17NO4/c1-2-20-15(19)13-12(17)8-9-16(14(13)18)10-11-6-4-3-5-7-11/h3-7,13H,2,8-10H2,1H3",UHKZGSSYNVLIHY-UHFFFAOYSA-N,15811873.0
275.3,C15H17NO4,275.3,C15H17NO4,COc1cc2CCN3C(CC(=O)CC3=O)c2cc1OC,['Key Organics/BIONET'],1,,"9,10-dimethoxy-1,6,7,11b-tetrahydro-2H-pyrido[2,1-a]isoquinoline-2,4(3H)-dione",36797460,"InChI=1S/C15H17NO4/c1-19-13-5-9-3-4-16-12(6-10(17)7-15(16)18)11(9)8-14(13)20-2/h5,8,12H,3-4,6-7H2,1-2H3",XFQOUAQRCFBYQW-UHFFFAOYSA-N,3379225.0
275.3,C15H17NO4,275.3,C15H17NO4,CCOC(=O)C1C(C(C)=O)C(=O)N1Cc1ccccc1,['Princeton BioMolecular Research'],0,,3-Acetyl-1-benzyl-4-oxo-azetidine-2-carboxylic acid ethyl ester,50382544,"InChI=1S/C15H17NO4/c1-3-20-15(19)13-12(10(2)17)14(18)16(13)9-11-7-5-4-6-8-11/h4-8,12-13H,3,9H2,1-2H3",OCMJSBPGMCGGQJ-UHFFFAOYSA-N,102569802.0
276.22,C10H11F3N4O2,276.22,C10H11F3N4O2,CC(=O)CC(=O)N1CCn2c(C1)nnc2C(F)(F)F,['Accela ChemBio'],0,,"1-[3-(Trifluoromethyl)-5,6-dihydro-[1,2,4]triazolo[4,3-a]pyrazin-7(8H)-yl]-1,3-butanedione",317467071,"InChI=1S/C10H11F3N4O2/c1-6(18)4-8(19)16-2-3-17-7(5-16)14-15-9(17)10(11,12)13/h2-5H2,1H3",JDNHMHHIYRWSRV-UHFFFAOYSA-N,64577522.0
276.34,C15H20N2O3,276.34,C15H20N2O3,COc1ccccc1N1CCN(CC1)C(=O)CC(C)=O,['ZereneX Molecular Ltd'],0,,,181138735,"InChI=1S/C15H20N2O3/c1-12(18)11-15(19)17-9-7-16(8-10-17)13-5-3-4-6-14(13)20-2/h3-6H,7-11H2,1-2H3",SEFSQBBKKMHSLX-UHFFFAOYSA-N,18072191.0
278.31,C17H14N2O2,278.31,C17H14N2O2,CN1C(=O)\C(=C/Nc2ccccc2)C(=O)c2ccccc12,['ZereneX Molecular Ltd'],0,,,1069539,"InChI=1S/C17H14N2O2/c1-19-15-10-6-5-9-13(15)16(20)14(17(19)21)11-18-12-7-3-2-4-8-12/h2-11,18H,1H3/b14-11-",COXZQGYYWPNXKI-KAMYIIQDSA-N,5709938.0
278.35,C15H22N2O3,278.35,C15H22N2O3,CC1(C)C2(C)CCC1(C(=O)N1CCNCC1)C(=O)C2=O,['Princeton BioMolecular Research'],0,,"1,7,7-Trimethyl-4-(piperazine-1-carbonyl)-bicyclo[2.2.1]heptane-2,3-dione",43303760,"InChI=1S/C15H22N2O3/c1-13(2)14(3)4-5-15(13,11(19)10(14)18)12(20)17-8-6-16-7-9-17/h16H,4-9H2,1-3H3",SFTVRIMABPBBAO-UHFFFAOYSA-N,102547262.0
279.3,C17H13NO3,279.3,C17H13NO3,CC(=O)C1C(=O)N(c2ccccc2)c2ccccc2C1=O,['Apollo Scientific'],0,,"3-Acetyl-4-hydroxy-1-phenyl-1,2-dihydroquinolin-2-one",33450389,"InChI=1S/C17H13NO3/c1-11(19)15-16(20)13-9-5-6-10-14(13)18(17(15)21)12-7-3-2-4-8-12/h2-10,15H,1H3",HDLDMIWLRYLGRZ-UHFFFAOYSA-N,3355885.0
279.34,C18H17NO2,279.34,C18H17NO2,CCN1C(=O)C(C(=O)Cc2ccccc2)c2ccccc12,['Innovapharm Ltd.'],0,,,50076247,"InChI=1S/C18H17NO2/c1-2-19-15-11-7-6-10-14(15)17(18(19)21)16(20)12-13-8-4-3-5-9-13/h3-11,17H,2,12H2,1H3",FOCXUSHMPAQWEF-UHFFFAOYSA-N,66490413.0
279.76,C15H18ClNO2,279.76,C15H18ClNO2,CC(C)(C)N1C(CC(=O)CC1=O)c1ccc(Cl)cc1,['Key Organics/BIONET'],3,,"1-(tert-butyl)-6-(4-chlorophenyl)dihydro-2,4(1H,3H)-pyridinedione",42973147,"InChI=1S/C15H18ClNO2/c1-15(2,3)17-13(8-12(18)9-14(17)19)10-4-6-11(16)7-5-10/h4-7,13H,8-9H2,1-3H3",QJXWLZMEEFVVIH-UHFFFAOYSA-N,3526752.0
279.76,C15H18ClNO2,279.76,C15H18ClNO2,CCCCC1(Cl)C(=O)N(CC)c2ccccc2C1=O,['ZereneX Molecular Ltd'],0,,,336493996,"InChI=1S/C15H18ClNO2/c1-3-5-10-15(16)13(18)11-8-6-7-9-12(11)17(4-2)14(15)19/h6-9H,3-5,10H2,1-2H3",QPIQUOHHDLJSAH-UHFFFAOYSA-N,2785085.0
280.75,C14H17ClN2O2,280.75,C14H17ClN2O2,CC(=O)CC(=O)N1CCN(CC1)c1ccc(Cl)cc1,['Key Organics/BIONET'],2,,"1-[4-(4-chlorophenyl)piperazino]-1,3-butanedione",42972999,"InChI=1S/C14H17ClN2O2/c1-11(18)10-14(19)17-8-6-16(7-9-17)13-4-2-12(15)3-5-13/h2-5H,6-10H2,1H3",YMPQBAZIHWTDFT-UHFFFAOYSA-N,3838851.0
281.23,C11H14F3NO4,281.23,C11H14F3NO4,CC(C)(C)OC(=O)N1CCC(C(=O)C(F)(F)F)C1=O,['Bio-Farma'],0,,tert-butyl 2-oxo-3-(trifluoroacetyl)pyrrolidine-1-carboxylate,324152974,"InChI=1S/C11H14F3NO4/c1-10(2,3)19-9(18)15-5-4-6(8(15)17)7(16)11(12,13)14/h6H,4-5H2,1-3H3",NACBMNLTYPLOGJ-UHFFFAOYSA-N,11818354.0
281.31,C17H15NO3,281.31,C17H15NO3,CCC1(O)C(=O)N(c2ccccc2)c2ccccc2C1=O,['ZereneX Molecular Ltd'],0,,,336492203,"InChI=1S/C17H15NO3/c1-2-17(21)15(19)13-10-6-7-11-14(13)18(16(17)20)12-8-4-3-5-9-12/h3-11,21H,2H2,1H3",GBXXQXFOMZJMDR-UHFFFAOYSA-N,340403.0
281.4,C16H27NO3,281.4,C16H27NO3,C\C=C\CCCCC(=O)C(C)C(=O)N1CCCC1CO,['TargetMol'],0,,Scalusamide A,25718777,"InChI=1S/C16H27NO3/c1-3-4-5-6-7-10-15(19)13(2)16(20)17-11-8-9-14(17)12-18/h3-4,13-14,18H,5-12H2,1-2H3/b4-3+",LCDBRGPJMWXDGF-ONEGZZNKSA-N,45359310.0
283.32,C14H21NO5,283.32,C14H21NO5,CC(C)(C)OC(=O)N1CC2(CCOCC2)C(=O)CC1=O,['Pharmablock'],0,,"tert-butyl 3,5-dioxo-9-oxa-2-azaspiro[5.5]undecane-2-carboxylate",337802239,"InChI=1S/C14H21NO5/c1-13(2,3)20-12(18)15-9-14(4-6-19-7-5-14)10(16)8-11(15)17/h4-9H2,1-3H3",HKLBYQYSGZKVMI-UHFFFAOYSA-N,163250321.0
284.14,C13H11Cl2NO2,284.14,C13H11Cl2NO2,CC1CCc2cccc3C(=O)C(Cl)(Cl)C(=O)N1c23,['ZereneX Molecular Ltd'],0,,,336490660,"InChI=1S/C13H11Cl2NO2/c1-7-5-6-8-3-2-4-9-10(8)16(7)12(18)13(14,15)11(9)17/h2-4,7H,5-6H2,1H3",SIJWTKACUXTGSJ-UHFFFAOYSA-N,2784873.0
286.15,C13H13Cl2NO2,286.15,C13H13Cl2NO2,CCCCN1C(=O)C(Cl)(Cl)C(=O)c2ccccc12,['ZereneX Molecular Ltd'],0,,,336490657,"InChI=1S/C13H13Cl2NO2/c1-2-3-8-16-10-7-5-4-6-9(10)11(17)13(14,15)12(16)18/h4-7H,2-3,8H2,1H3",SXYVZLJDJHZBPH-UHFFFAOYSA-N,2784795.0
287.35,C11H13NO4S2,287.35,C11H13NO4S2,CC(=O)C(C(=O)N1CCCC1)=C1SC(S1)C(O)=O,['Princeton BioMolecular Research'],0,,"4-[2-Oxo-1-(pyrrolidine-1-carbonyl)-propylidene]-[1,3]dithietane-2-carboxylic acid",42809254,"InChI=1S/C11H13NO4S2/c1-6(13)7(8(14)12-4-2-3-5-12)10-17-11(18-10)9(15)16/h11H,2-5H2,1H3,(H,15,16)",DRVFXZXLGHJJLS-UHFFFAOYSA-N,102535286.0
289.33,C16H19NO4,289.33,C16H19NO4,CCOC(=O)C1C(C(C)=O)C(=O)N1CCc1ccccc1,['Princeton BioMolecular Research'],0,,3-Acetyl-4-oxo-1-phenethyl-azetidine-2-carboxylic acid ethyl ester,50382546,"InChI=1S/C16H19NO4/c1-3-21-16(20)14-13(11(2)18)15(19)17(14)10-9-12-7-5-4-6-8-12/h4-8,13-14H,3,9-10H2,1-2H3",KZIMUNWFKGJLGI-UHFFFAOYSA-N,102569803.0
289.36,C11H15NO4S2,289.36,C11H15NO4S2,CCN(CC)C(=O)C(C(C)=O)=C1SC(S1)C(O)=O,['Princeton BioMolecular Research'],0,,"4-(1-Diethylcarbamoyl-2-oxo-propylidene)-[1,3]dithietane-2-carboxylic acid",42809616,"InChI=1S/C11H15NO4S2/c1-4-12(5-2)8(14)7(6(3)13)10-17-11(18-10)9(15)16/h11H,4-5H2,1-3H3,(H,15,16)",BDXFVKPDEGQQEO-UHFFFAOYSA-N,102535455.0
290.32,C15H18N2O4,290.32,C15H18N2O4,CCCCC1(C(=O)N(CC)c2ccccc2C1=O)[N+]([O-])=O,['ZereneX Molecular Ltd'],0,,,336486305,"InChI=1S/C15H18N2O4/c1-3-5-10-15(17(20)21)13(18)11-8-6-7-9-12(11)16(4-2)14(15)19/h6-9H,3-5,10H2,1-2H3",GVSQHZXYUJHDRD-UHFFFAOYSA-N,2784218.0
291.3,C15H17NO5,291.3,C15H17NO5,CCOC(=O)C1C(C(C)=O)C(=O)N1c1ccc(OC)cc1,['Princeton BioMolecular Research'],0,,3-Acetyl-1-(4-methoxy-phenyl)-4-oxo-azetidine-2-carboxylic acid ethyl ester,50382550,"InChI=1S/C15H17NO5/c1-4-21-15(19)13-12(9(2)17)14(18)16(13)10-5-7-11(20-3)8-6-10/h5-8,12-13H,4H2,1-3H3",HANOSNQKQSXOFR-UHFFFAOYSA-N,102569805.0
291.37,C17H22FNO2,291.37,C17H22FNO2,CCCCCCCC1(F)C(=O)N(C)c2ccccc2C1=O,['ZereneX Molecular Ltd'],0,,,336483497,"InChI=1S/C17H22FNO2/c1-3-4-5-6-9-12-17(18)15(20)13-10-7-8-11-14(13)19(2)16(17)21/h7-8,10-11H,3-6,9,12H2,1-2H3",JUALTTQPLPYVSU-UHFFFAOYSA-N,2784365.0
292.13,C10H14BrNO4,292.13,C10H14BrNO4,CC(C)(C)OC(=O)N1CCC(=O)C(Br)C1=O,['Alichem'],0,,"tert-Butyl 3-bromo-2,4-dioxopiperidine-1-carboxylate",49849417,"InChI=1S/C10H14BrNO4/c1-10(2,3)16-9(15)12-5-4-6(13)7(11)8(12)14/h7H,4-5H2,1-3H3",ZWMOSQYRIUMWSQ-UHFFFAOYSA-N,69919790.0
292.34,C18H16N2O2,292.34,C18H16N2O2,CN1C(=O)\C(=C/NCc2ccccc2)C(=O)c2ccccc12,['ZereneX Molecular Ltd'],0,,,336485031,"InChI=1S/C18H16N2O2/c1-20-16-10-6-5-9-14(16)17(21)15(18(20)22)12-19-11-13-7-3-2-4-8-13/h2-10,12,19H,11H2,1H3/b15-12-",NUNOSOFMCFZUJR-QINSGFPZSA-N,5709883.0
294.15,C13H12BrNO2,294.15,C13H12BrNO2,Brc1cccc(c1)C(=O)C1CCN(C=C)C1=O,['Alichem'],0,,3-(3-Bromobenzoyl)-1-vinylpyrrolidin-2-one,11466446,"InChI=1S/C13H12BrNO2/c1-2-15-7-6-11(13(15)17)12(16)9-4-3-5-10(14)8-9/h2-5,8,11H,1,6-7H2",SSBNUEZVCWQALA-UHFFFAOYSA-N,17389776.0
294.69,C13H11ClN2O4,294.69,C13H11ClN2O4,CN1C(=O)C(C(=O)c2ccc(Cl)cc2)C(=O)N(C)C1=O,['Key Organics/BIONET'],0,,"5-(4-chlorobenzoyl)-1,3-dimethyl-2,4,6(1H,3H,5H)-pyrimidinetrione",36799434,"InChI=1S/C13H11ClN2O4/c1-15-11(18)9(12(19)16(2)13(15)20)10(17)7-3-5-8(14)6-4-7/h3-6,9H,1-2H3",NLTZOBKSPHOMRG-UHFFFAOYSA-N,2785882.0
295.38,C16H25NO4,295.38,C16H25NO4,CCC(=O)CC(=O)N1C[C@@H](C[C@H]1C(O)=O)C1CCCCC1,['Toronto Research Chemicals'],0,,"(2S,4S)-4-Cyclohexyl-1-(3-oxopentanoyl)pyrrolidine-2-carboxylic Acid",193059517,"InChI=1S/C16H25NO4/c1-2-13(18)9-15(19)17-10-12(8-14(17)16(20)21)11-6-4-3-5-7-11/h11-12,14H,2-10H2,1H3,(H,20,21)/t12-,14+/m1/s1",VJUXKOAKXDWKSB-OCCSQVGLSA-N,101680035.0
296.28,C16H12N2O4,296.28,C16H12N2O4,CN1C(=O)C(C(=O)c2ccccc12)c1ccccc1[N+]([O-])=O,['Innovapharm Ltd.'],0,,,835233,"InChI=1S/C16H12N2O4/c1-17-12-8-4-3-7-11(12)15(19)14(16(17)20)10-6-2-5-9-13(10)18(21)22/h2-9,14H,1H3",YALKEAXECGCKCA-UHFFFAOYSA-N,2870257.0
296.37,C15H24N2O4,296.37,C15H24N2O4,CN1CC2(CCN(CC2)C(=O)OC(C)(C)C)C(=O)CC1=O,['Pharmablock'],0,,"tert-butyl 2-methyl-3,5-dioxo-2,9-diazaspiro[5.5]undecane-9-carboxylate",110002628,"InChI=1S/C15H24N2O4/c1-14(2,3)21-13(20)17-7-5-15(6-8-17)10-16(4)12(19)9-11(15)18/h5-10H2,1-4H3",HKOKBKZIYLJZCR-UHFFFAOYSA-N,155891918.0
297.27,C15H11N3O4,297.27,C15H11N3O4,CC(=O)C1=CC(=O)N(C1=O)c1nn(C(C)=O)c2ccccc12,"['Combi-Blocks, Inc.']",0,,"3-Acetyl-1-(1-acetyl-1h-indazol-3-yl)-1h-pyrrole-2,5-dione",48843298,"InChI=1S/C15H11N3O4/c1-8(19)11-7-13(21)17(15(11)22)14-10-5-3-4-6-12(10)18(16-14)9(2)20/h3-7H,1-2H3",DBCAWGNEHDYOCT-UHFFFAOYSA-N,75466045.0
297.31,C17H15NO4,297.31,C17H15NO4,COc1ccc2C(=O)C(O)(C(=O)N(C)c2c1)c1ccccc1,['ZereneX Molecular Ltd'],0,,,336484010,"InChI=1S/C17H15NO4/c1-18-14-10-12(22-2)8-9-13(14)15(19)17(21,16(18)20)11-6-4-3-5-7-11/h3-10,21H,1-2H3",KGRDEBVZMCQWMZ-UHFFFAOYSA-N,2784382.0
299.33,C17H17NO4,299.33,C17H17NO4,Oc1c(ccc2ccccc12)C(=O)CC(=O)N1CCOCC1,"['Combi-Blocks, Inc.']",0,,"1-(1-Hydroxynaphthalen-2-yl)-3-morpholinopropane-1,3-dione",46303326,"InChI=1S/C17H17NO4/c19-15(11-16(20)18-7-9-22-10-8-18)14-6-5-12-3-1-2-4-13(12)17(14)21/h1-6,21H,7-11H2",XLYNCLHLJSVBNW-UHFFFAOYSA-N,11347084.0
299.75,C17H14ClNO2,299.75,C17H14ClNO2,CCN1C(=O)C(Cl)(C(=O)c2ccccc12)c1ccccc1,['ZereneX Molecular Ltd'],0,,,1847187,"InChI=1S/C17H14ClNO2/c1-2-19-14-11-7-6-10-13(14)15(20)17(18,16(19)21)12-8-4-3-5-9-12/h3-11H,2H2,1H3",LFCTZLLGERUXCM-UHFFFAOYSA-N,2785089.0
299.75,C17H14ClNO2,299.75,C17H14ClNO2,CCC1(Cl)C(=O)N(c2ccccc2)c2ccccc2C1=O,['ZereneX Molecular Ltd'],0,,,336493484,"InChI=1S/C17H14ClNO2/c1-2-17(18)15(20)13-10-6-7-11-14(13)19(16(17)21)12-8-4-3-5-9-12/h3-11H,2H2,1H3",PGVZRZWMLBGOMZ-UHFFFAOYSA-N,2785083.0
301.08,C10H8INO2,301.08,C10H8INO2,CN1C(=O)CC(=O)c2ccc(I)cc12,['Bio-Farma'],0,,"7-iodo-1-methyl-1,2,3,4-tetrahydroquinoline-2,4-dione",62513344,"InChI=1S/C10H8INO2/c1-12-8-4-6(11)2-3-7(8)9(13)5-10(12)14/h2-4H,5H2,1H3",PRQFLCFUUHGWKW-UHFFFAOYSA-N,121552559.0
301.26,C14H14F3NO3,301.26,C14H14F3NO3,Fc1cc(F)c(CC(=O)CC(=O)N2CCOCC2)cc1F,['Accela ChemBio'],0,,"1-Morpholino-4-(2,4,5-trifluorophenyl)-1,3-butanedione",331049214,"InChI=1S/C14H14F3NO3/c15-11-8-13(17)12(16)6-9(11)5-10(19)7-14(20)18-1-3-21-4-2-18/h6,8H,1-5,7H2",CWJFNGNEUPHUID-UHFFFAOYSA-N,146252296.0
303.35,C11H13NO5S2,303.35,C11H13NO5S2,CC(=O)C(C(=O)N1CCOCC1)=C1SC(S1)C(O)=O,['Princeton BioMolecular Research'],0,,"4-[1-(Morpholine-4-carbonyl)-2-oxo-propylidene]-[1,3]dithietane-2-carboxylic acid",42809256,"InChI=1S/C11H13NO5S2/c1-6(13)7(10-18-11(19-10)9(15)16)8(14)12-2-4-17-5-3-12/h11H,2-5H2,1H3,(H,15,16)",GSAYKJWZPLWDPV-UHFFFAOYSA-N,102535287.0
303.36,C17H21NO4,303.36,C17H21NO4,CC(C)(C)OC(=O)N1CC(Cc2ccccc2)C(=O)CC1=O,['Aldlab Chemicals'],0,,"1-Piperidinecarboxylicacid,2,4-dioxo-5-(phenylmethyl)-,1,1-dimethylethylester",317716188,"InChI=1S/C17H21NO4/c1-17(2,3)22-16(21)18-11-13(14(19)10-15(18)20)9-12-7-5-4-6-8-12/h4-8,13H,9-11H2,1-3H3",SOJYJAMGWSVOSY-UHFFFAOYSA-N,23731000.0
304.35,C19H16N2O2,304.35,C19H16N2O2,CN1C(=O)\C(=C(\N)c2ccccc2)C(=O)C=C1c1ccccc1,['Matrix Scientific'],63984,,"(3E)-3-[Amino(phenyl)methylene]-1-methyl-6-phenylpyridine-2,4(1H,3H)-dione",45984512,"InChI=1S/C19H16N2O2/c1-21-15(13-8-4-2-5-9-13)12-16(22)17(19(21)23)18(20)14-10-6-3-7-11-14/h2-12H,20H2,1H3/b18-17+",INTGZJXXSSEIDV-ISLYRVAYSA-N,5345097.0
304.35,C19H16N2O2,304.35,C19H16N2O2,O=C1N2CCCc3cccc(C(=O)\C1=C\Nc1ccccc1)c23,['ZereneX Molecular Ltd'],0,,,336471173,"InChI=1S/C19H16N2O2/c22-18-15-10-4-6-13-7-5-11-21(17(13)15)19(23)16(18)12-20-14-8-2-1-3-9-14/h1-4,6,8-10,12,20H,5,7,11H2/b16-12-",DOOOVMYBJJNACT-VBKFSLOCSA-N,5709913.0
305.33,C16H19NO5,305.33,C16H19NO5,CCOC(=O)C1C(C(C)=O)C(=O)N1Cc1ccc(OC)cc1,['Princeton BioMolecular Research'],0,,3-Acetyl-1-(4-methoxy-benzyl)-4-oxo-azetidine-2-carboxylic acid ethyl ester,50382700,"InChI=1S/C16H19NO5/c1-4-22-16(20)14-13(10(2)18)15(19)17(14)9-11-5-7-12(21-3)8-6-11/h5-8,13-14H,4,9H2,1-3H3",BOZMDNILTMQQNS-UHFFFAOYSA-N,102569816.0
306.14,C15H9Cl2NO2,306.14,C15H9Cl2NO2,ClC1(Cl)C(=O)N(c2ccccc2)c2ccccc2C1=O,['ZereneX Molecular Ltd'],0,,,1844499,InChI=1S/C15H9Cl2NO2/c16-15(17)13(19)11-8-4-5-9-12(11)18(14(15)20)10-6-2-1-3-7-10/h1-9H,NBWVSBMFATXBKU-UHFFFAOYSA-N,2783903.0
306.32,C17H14N4O2,306.32,C17H14N4O2,CCN1C(=O)C(N=[N+]=[N-])(C(=O)c2ccccc12)c1ccccc1,['ZereneX Molecular Ltd'],0,,,49801862,"InChI=1S/C17H14N4O2/c1-2-21-14-11-7-6-10-13(14)15(22)17(16(21)23,19-20-18)12-8-4-3-5-9-12/h3-11H,2H2,1H3",PEWYDORJMJTUMM-UHFFFAOYSA-N,374153.0
306.32,C17H14N4O2,306.32,C17H14N4O2,CCC1(N=[N+]=[N-])C(=O)N(c2ccccc2)c2ccccc2C1=O,['ZereneX Molecular Ltd'],0,,,336491948,"InChI=1S/C17H14N4O2/c1-2-17(19-20-18)15(22)13-10-6-7-11-14(13)21(16(17)23)12-8-4-3-5-9-12/h3-11H,2H2,1H3",NULQFSCZJRUBSW-UHFFFAOYSA-N,374156.0
306.37,C19H18N2O2,306.37,C19H18N2O2,CN1C(=O)\C(=C/Nc2c(C)cccc2C)C(=O)c2ccccc12,['ZereneX Molecular Ltd'],0,,,336483748,"InChI=1S/C19H18N2O2/c1-12-7-6-8-13(2)17(12)20-11-15-18(22)14-9-4-5-10-16(14)21(3)19(15)23/h4-11,20H,1-3H3/b15-11-",TYYLRPMROCASLU-PTNGSMBKSA-N,5709879.0
307.32,C16H18FNO4,307.32,C16H18FNO4,CCOC(=O)C1C(=O)CCN(CCc2ccc(F)cc2)C1=O,['Bio-Farma'],0,,"ethyl 1-[2-(4-fluorophenyl)ethyl]-2,4-dioxopiperidine-3-carboxylate",44672093,"InChI=1S/C16H18FNO4/c1-2-22-16(21)14-13(19)8-10-18(15(14)20)9-7-11-3-5-12(17)6-4-11/h3-6,14H,2,7-10H2,1H3",QGAKSXWZSMWYJM-UHFFFAOYSA-N,83290559.0
307.35,C18H17N3O2,307.35,C18H17N3O2,O=C1C(N2CCCC2)C(=O)c2cccnc2N1c1ccccc1,['TargetMol'],0,,Pirodomast,346010666,"InChI=1S/C18H17N3O2/c22-16-14-9-6-10-19-17(14)21(13-7-2-1-3-8-13)18(23)15(16)20-11-4-5-12-20/h1-3,6-10,15H,4-5,11-12H2",XYPLAQBAOLXYJB-UHFFFAOYSA-N,131843905.0
307.82,C17H22ClNO2,307.82,C17H22ClNO2,CCCCCCCC1(Cl)C(=O)N(C)c2ccccc2C1=O,['ZereneX Molecular Ltd'],0,,,49796862,"InChI=1S/C17H22ClNO2/c1-3-4-5-6-9-12-17(18)15(20)13-10-7-8-11-14(13)19(2)16(17)21/h7-8,10-11H,3-6,9,12H2,1-2H3",STNVZLITROCZQL-UHFFFAOYSA-N,2780579.0
309.37,C19H19NO3,309.37,C19H19NO3,COc1ccc(CN2CCC(C(=O)c3ccccc3)C2=O)cc1,"['Combi-Blocks, Inc.']",0,,3-Benzoyl-1-[(4-methoxyphenyl)methyl]pyrrolidin-2-one,324563248,"InChI=1S/C19H19NO3/c1-23-16-9-7-14(8-10-16)13-20-12-11-17(19(20)22)18(21)15-5-3-2-4-6-15/h2-10,17H,11-13H2,1H3",KMYYFFVJQLGVNR-UHFFFAOYSA-N,163353806.0
311.34,C18H17NO4,311.34,C18H17NO4,COc1cc2ccccc2cc1C(=O)C1CCCN(C=O)C1=O,['ChemScene'],0,,3-(3-Methoxy-2-naphthoyl)-2-oxopiperidine-1-carbaldehyde,11466462,"InChI=1S/C18H17NO4/c1-23-16-10-13-6-3-2-5-12(13)9-15(16)17(21)14-7-4-8-19(11-20)18(14)22/h2-3,5-6,9-11,14H,4,7-8H2,1H3",JLBFJNSXFUBNTG-UHFFFAOYSA-N,12119784.0
311.34,C18H17NO4,311.34,C18H17NO4,CCN1C(=O)C(O)(C(=O)c2ccc(OC)cc12)c1ccccc1,['ZereneX Molecular Ltd'],0,,,336484266,"InChI=1S/C18H17NO4/c1-3-19-15-11-13(23-2)9-10-14(15)16(20)18(22,17(19)21)12-7-5-4-6-8-12/h4-11,22H,3H2,1-2H3",ZCYOSMSMGSJEEE-UHFFFAOYSA-N,2784383.0
311.77,C18H14ClNO2,311.77,C18H14ClNO2,ClC1(C(=O)N2CCCc3cccc(C1=O)c23)c1ccccc1,['ZereneX Molecular Ltd'],0,,,336471945,"InChI=1S/C18H14ClNO2/c19-18(13-8-2-1-3-9-13)16(21)14-10-4-6-12-7-5-11-20(15(12)14)17(18)22/h1-4,6,8-10H,5,7,11H2",JXRDVRCGWFSPRW-UHFFFAOYSA-N,2785088.0
313.35,C15H23NO6,313.35,C15H23NO6,CC(C)(C)OC(=O)[C@H]1CC(=O)CC(=O)N1C(=O)OC(C)(C)C,['Pharmablock'],0,,"ditert-butyl (2R)-4,6-dioxopiperidine-1,2-dicarboxylate",331318801,"InChI=1S/C15H23NO6/c1-14(2,3)21-12(19)10-7-9(17)8-11(18)16(10)13(20)22-15(4,5)6/h10H,7-8H2,1-6H3/t10-/m1/s1",YOYFZEQSJGFFCL-SNVBAGLBSA-N,124546146.0
313.35,C15H23NO6,313.35,C15H23NO6,CC(C)(C)OC(=O)[C@@H]1CC(=O)CC(=O)N1C(=O)OC(C)(C)C,['A1 Biochem Labs'],0,,"1,2-di-tert-butyl (2S)-4,6-dioxopiperidine-1,2-dicarboxylate",337736311,"InChI=1S/C15H23NO6/c1-14(2,3)21-12(19)10-7-9(17)8-11(18)16(10)13(20)22-15(4,5)6/h10H,7-8H2,1-6H3/t10-/m0/s1",YOYFZEQSJGFFCL-JTQLQIEISA-N,49759964.0
313.78,C18H16ClNO2,313.78,C18H16ClNO2,CCN1C(=O)C(Cl)(Cc2ccccc2)C(=O)c2ccccc12,['ZereneX Molecular Ltd'],0,,,336490926,"InChI=1S/C18H16ClNO2/c1-2-20-15-11-7-6-10-14(15)16(21)18(19,17(20)22)12-13-8-4-3-5-9-13/h3-11H,2,12H2,1H3",QFKRRHSLFBEEGZ-UHFFFAOYSA-N,2785106.0
314.21,C15H17Cl2NO2,314.21,C15H17Cl2NO2,CC(C)(C)N1C(CC(=O)CC1=O)c1ccc(Cl)cc1Cl,['Key Organics/BIONET'],4,,"1-(tert-butyl)-6-(2,4-dichlorophenyl)dihydro-2,4(1H,3H)-pyridinedione",27479202,"InChI=1S/C15H17Cl2NO2/c1-15(2,3)18-13(7-10(19)8-14(18)20)11-5-4-9(16)6-12(11)17/h4-6,13H,7-8H2,1-3H3",XJTJCAOHEOEUQZ-UHFFFAOYSA-N,3761056.0
314.39,C17H22N4O2,314.39,C17H22N4O2,CCCCCCCC1(N=[N+]=[N-])C(=O)N(C)c2ccccc2C1=O,['ZereneX Molecular Ltd'],0,,,336485290,"InChI=1S/C17H22N4O2/c1-3-4-5-6-9-12-17(19-20-18)15(22)13-10-7-8-11-14(13)21(2)16(17)23/h7-8,10-11H,3-6,9,12H2,1-2H3",DAEWNOXENTWUSZ-UHFFFAOYSA-N,377000.0
315.75,C17H14ClNO3,315.75,C17H14ClNO3,COc1ccc2C(=O)C(Cl)(C(=O)N(C)c2c1)c1ccccc1,['ZereneX Molecular Ltd'],0,,,336491949,"InChI=1S/C17H14ClNO3/c1-19-14-10-12(22-2)8-9-13(14)15(20)17(18,16(19)21)11-6-4-3-5-7-11/h3-10H,1-2H3",MBDSMZRCXPTIGU-UHFFFAOYSA-N,2785092.0
318.34,C18H14N4O2,318.34,C18H14N4O2,[N-]=[N+]=NC1(C(=O)N2CCCc3cccc(C1=O)c23)c1ccccc1,['ZereneX Molecular Ltd'],0,,,336492461,"InChI=1S/C18H14N4O2/c19-21-20-18(13-8-2-1-3-9-13)16(23)14-10-4-6-12-7-5-11-22(15(12)14)17(18)24/h1-4,6,8-10H,5,7,11H2",ASMZQCLUQZYHPS-UHFFFAOYSA-N,375213.0
318.38,C20H18N2O2,318.38,C20H18N2O2,O=C1CC2N(CCc3ccccc23)C(=O)C1=CNc1ccccc1,['Key Organics/BIONET'],7,,"3-(anilinomethylene)-1,6,7,11b-tetrahydro-2H-pyrido[2,1-a]isoquinoline-2,4(3H)-dione",36798670,"InChI=1S/C20H18N2O2/c23-19-12-18-16-9-5-4-6-14(16)10-11-22(18)20(24)17(19)13-21-15-7-2-1-3-8-15/h1-9,13,18,21H,10-12H2",VJFPHDGDWZEJTG-UHFFFAOYSA-N,5100588.0
319.42,C19H26FNO2,319.42,C19H26FNO2,CCCCCCCCCC1(F)C(=O)N(C)c2ccccc2C1=O,['ZereneX Molecular Ltd'],0,,,336482729,"InChI=1S/C19H26FNO2/c1-3-4-5-6-7-8-11-14-19(20)17(22)15-12-9-10-13-16(15)21(2)18(19)23/h9-10,12-13H,3-8,11,14H2,1-2H3",IIDAEAPOTDPEJB-UHFFFAOYSA-N,2784362.0
320.43,C18H28N2O3,320.43,C18H28N2O3,CN(C1CCN(C)CC1)C(=O)C12CCC(C)(C(=O)C1=O)C2(C)C,['Innovapharm Ltd.'],0,,,2543080,"InChI=1S/C18H28N2O3/c1-16(2)17(3)8-9-18(16,14(22)13(17)21)15(23)20(5)12-6-10-19(4)11-7-12/h12H,6-11H2,1-5H3",UCXFEBNLXZQMTC-UHFFFAOYSA-N,16420948.0
321.42,C21H23NO2,321.42,C21H23NO2,C=CCC1(CC=C)C(=O)N(C2=C(CCCC2)C1=O)c1ccccc1,['ZereneX Molecular Ltd'],0,,,336491179,"InChI=1S/C21H23NO2/c1-3-14-21(15-4-2)19(23)17-12-8-9-13-18(17)22(20(21)24)16-10-6-5-7-11-16/h3-7,10-11H,1-2,8-9,12-15H2",FNQFRAXKRLXXIM-UHFFFAOYSA-N,2785056.0
322.32,C18H14N2O4,322.32,C18H14N2O4,CC(=O)C1C(=O)N(C(=O)N(C1=O)c1ccccc1)c1ccccc1,['ZereneX Molecular Ltd'],0,,,336471174,"InChI=1S/C18H14N2O4/c1-12(21)15-16(22)19(13-8-4-2-5-9-13)18(24)20(17(15)23)14-10-6-3-7-11-14/h2-11,15H,1H3",DVDRIABVMSZHIV-UHFFFAOYSA-N,2784817.0
328.25,C14H11F3N2O4,328.25,C14H11F3N2O4,CN1C(=O)C(C(=O)c2cccc(c2)C(F)(F)F)C(=O)N(C)C1=O,['Key Organics/BIONET'],0,,"1,3-dimethyl-5-[3-(trifluoromethyl)benzoyl]-2,4,6(1H,3H,5H)-pyrimidinetrione",27508146,"InChI=1S/C14H11F3N2O4/c1-18-11(21)9(12(22)19(2)13(18)23)10(20)7-4-3-5-8(6-7)14(15,16)17/h3-6,9H,1-2H3",XWDRIBXTMAMQOA-UHFFFAOYSA-N,4323130.0
329.36,C21H15NO3,329.36,C21H15NO3,OC1(C(=O)N(c2ccccc2)c2ccccc2C1=O)c1ccccc1,['ZereneX Molecular Ltd'],0,,,336482214,"InChI=1S/C21H15NO3/c23-19-17-13-7-8-14-18(17)22(16-11-5-2-6-12-16)20(24)21(19,25)15-9-3-1-4-10-15/h1-14,25H",WLHCHYBWLVNEOP-UHFFFAOYSA-N,2784001.0
329.42,C20H24FNO2,329.42,C20H24FNO2,CC1CCc2cc(F)ccc2N1C(=O)C12CCC(CC1=O)C2(C)C,['Innovapharm Ltd.'],0,,,4700312,"InChI=1S/C20H24FNO2/c1-12-4-5-13-10-15(21)6-7-16(13)22(12)18(24)20-9-8-14(11-17(20)23)19(20,2)3/h6-7,10,12,14H,4-5,8-9,11H2,1-3H3",SFTIHICVYHNPDM-UHFFFAOYSA-N,4905222.0
329.78,C18H16ClNO3,329.78,C18H16ClNO3,CCN1C(=O)C(Cl)(C(=O)c2ccc(OC)cc12)c1ccccc1,['ZereneX Molecular Ltd'],0,,,336491693,"InChI=1S/C18H16ClNO3/c1-3-20-15-11-13(23-2)9-10-14(15)16(21)18(19,17(20)22)12-7-5-4-6-8-12/h4-11H,3H2,1-2H3",UBQSOYLBVOUSTC-UHFFFAOYSA-N,2785091.0
330.43,C19H26N2O3,330.43,C19H26N2O3,COc1ccc(cc1)C1CC(=O)C(=CN(C)C)C(=O)N1C(C)(C)C,['Key Organics/BIONET'],3,,"1-(tert-butyl)-3-[(dimethylamino)methylene]-6-(4-methoxyphenyl)dihydro-2,4(1H,3H)-pyridinedione",27474094,"InChI=1S/C19H26N2O3/c1-19(2,3)21-16(13-7-9-14(24-6)10-8-13)11-17(22)15(18(21)23)12-20(4)5/h7-10,12,16H,11H2,1-6H3",DYWAMRSTRVGYGG-UHFFFAOYSA-N,3749689.0
331.35,C21H14FNO2,331.35,C21H14FNO2,FC1(C(=O)N(c2ccccc2)c2ccccc2C1=O)c1ccccc1,['ZereneX Molecular Ltd'],0,,,336472486,InChI=1S/C21H14FNO2/c22-21(15-9-3-1-4-10-15)19(24)17-13-7-8-14-18(17)23(20(21)25)16-11-5-2-6-12-16/h1-14H,IEJARWBJDKSHPW-UHFFFAOYSA-N,2783453.0
332.36,C19H16N4O2,332.36,C19H16N4O2,[N-]=[N+]=NC1(Cc2ccccc2)C(=O)N2CCCc3cccc(C1=O)c23,['ZereneX Molecular Ltd'],0,,,336471434,"InChI=1S/C19H16N4O2/c20-22-21-19(12-13-6-2-1-3-7-13)17(24)15-10-4-8-14-9-5-11-23(16(14)15)18(19)25/h1-4,6-8,10H,5,9,11-12H2",AEPONWAIPDMTRB-UHFFFAOYSA-N,375225.0
333.38,C18H23NO5,333.38,C18H23NO5,COc1cc(cc(OC)c1OC)C(=O)C1CCCCN(C=C)C1=O,['EvoBlocks'],0,,"1-ethenyl-3-(3,4,5-trimethoxybenzoyl)azepan-2-one",320399354,"InChI=1S/C18H23NO5/c1-5-19-9-7-6-8-13(18(19)21)16(20)12-10-14(22-2)17(24-4)15(11-12)23-3/h5,10-11,13H,1,6-9H2,2-4H3",MWUUUKFSFLVLAH-UHFFFAOYSA-N,162421032.0
335.36,C17H21NO6,335.36,C17H21NO6,CCOC(=O)C1C(C(C)=O)C(=O)N1Cc1ccc(OC)cc1OC,['Princeton BioMolecular Research'],0,,"3-Acetyl-1-(2,4-dimethoxy-benzyl)-4-oxo-azetidine-2-carboxylic acid ethyl ester",50382702,"InChI=1S/C17H21NO6/c1-5-24-17(21)15-14(10(2)19)16(20)18(15)9-11-6-7-12(22-3)8-13(11)23-4/h6-8,14-15H,5,9H2,1-4H3",KBTAFYOUYBIMNY-UHFFFAOYSA-N,14080884.0
335.4,C18H25NO5,335.4,C18H25NO5,COC(=O)C1CCN(CC1)C(=O)C12CCC(C)(C(=O)C1=O)C2(C)C,['Princeton BioMolecular Research'],0,,"methyl 1-[(4,7,7-trimethyl-2,3-dioxobicyclo[2.2.1]hept-1-yl)carbonyl]piperidine-4-carboxylate",2542545,"InChI=1S/C18H25NO5/c1-16(2)17(3)7-8-18(16,13(21)12(17)20)15(23)19-9-5-11(6-10-19)14(22)24-4/h11H,5-10H2,1-4H3",BLDDFMJNCBGPLS-UHFFFAOYSA-N,16424899.0
335.87,C19H26ClNO2,335.87,C19H26ClNO2,CCCCCCCCCC1(Cl)C(=O)N(C)c2ccccc2C1=O,['ZereneX Molecular Ltd'],0,,,336485546,"InChI=1S/C19H26ClNO2/c1-3-4-5-6-7-8-11-14-19(20)17(22)15-12-9-10-13-16(15)21(2)18(19)23/h9-10,12-13H,3-8,11,14H2,1-2H3",KPPTUNVYWFSXOV-UHFFFAOYSA-N,2784387.0
336.39,C20H20N2O3,336.39,C20H20N2O3,CC(=O)C1=C(O)[C@H]2[C@@H]3[C@@H](Cc4cccc5[nH]cc3c45)C(C)(C)N2C1=O,['Key Organics/BIONET'],0,,Cyclopiazonic acid,10227402,"InChI=1S/C20H20N2O3/c1-9(23)14-18(24)17-16-11-8-21-13-6-4-5-10(15(11)13)7-12(16)20(2,3)22(17)19(14)25/h4-6,8,12,16-17,21,24H,7H2,1-3H3/t12-,16+,17-/m1/s1",SZINUGQCTHLQAZ-OAUYIBNBSA-N,54732361.0
336.39,C20H20N2O3,336.39,C20H20N2O3,CC(=O)C1C(=O)[C@@H]2[C@@H]3[C@@H](Cc4cccc5[nH]cc3c45)C(C)(C)N2C1=O,['Apollo Scientific US'],0,,Cyclopiazonic acid,104664414,"InChI=1S/C20H20N2O3/c1-9(23)14-18(24)17-16-11-8-21-13-6-4-5-10(15(11)13)7-12(16)20(2,3)22(17)19(14)25/h4-6,8,12,14,16-17,21H,7H2,1-3H3/t12-,14?,16+,17+/m1/s1",TZCOBUQKVNFIQF-ARUUDZKJSA-N,44483253.0
336.39,C20H20N2O3,336.39,C20H20N2O3,CC(=O)C1=C(O)[C@@H]2[C@@H]3[C@@H](Cc4cccc5[nH]cc3c45)C(C)(C)N2C1=O,['Tocris Bioscience (Bio-Techne UK)'],1235,,Cyclopiazonic acid,313512016,"InChI=1S/C20H20N2O3/c1-9(23)14-18(24)17-16-11-8-21-13-6-4-5-10(15(11)13)7-12(16)20(2,3)22(17)19(14)25/h4-6,8,12,16-17,21,24H,7H2,1-3H3/t12-,16+,17+/m1/s1",SZINUGQCTHLQAZ-DQYPLSBCSA-N,54682463.0
336.39,C20H20N2O3,336.39,C20H20N2O3,CC(=O)C1=C(O)[C@H]2[C@@H]3[C@H](Cc4cccc5[nH]cc3c45)C(C)(C)N2C1=O,['ApexBio Technology'],0,,Cyclopiazonic acid,317726954,"InChI=1S/C20H20N2O3/c1-9(23)14-18(24)17-16-11-8-21-13-6-4-5-10(15(11)13)7-12(16)20(2,3)22(17)19(14)25/h4-6,8,12,16-17,21,24H,7H2,1-3H3/t12-,16-,17+/m0/s1",SZINUGQCTHLQAZ-AFAVFJNCSA-N,54711281.0
338.36,C19H18N2O4,338.36,C19H18N2O4,CCCCC1(C(=O)N(c2ccccc2)c2ccccc2C1=O)[N+]([O-])=O,['ZereneX Molecular Ltd'],0,,,336479659,"InChI=1S/C19H18N2O4/c1-2-3-13-19(21(24)25)17(22)15-11-7-8-12-16(15)20(18(19)23)14-9-5-4-6-10-14/h4-12H,2-3,13H2,1H3",BAZVTAMJUPVZPX-UHFFFAOYSA-N,2784095.0
340.34,C17H16N4O4,340.34,C17H16N4O4,CN1C(=O)\C(=C/Nc2ccccc2)C(=O)c2c1n(C)c(=O)n(C)c2=O,['ZereneX Molecular Ltd'],0,,,336470150,"InChI=1S/C17H16N4O4/c1-19-14-12(16(24)21(3)17(25)20(14)2)13(22)11(15(19)23)9-18-10-7-5-4-6-8-10/h4-9,18H,1-3H3/b11-9-",ULZGSSQSSVAILF-LUAWRHEFSA-N,5710018.0
340.38,C22H16N2O2,340.38,C22H16N2O2,O=C1N(c2ccccc2)c2ccccc2C(=O)\C1=C\Nc1ccccc1,['ZereneX Molecular Ltd'],0,,,336494240,"InChI=1S/C22H16N2O2/c25-21-18-13-7-8-14-20(18)24(17-11-5-2-6-12-17)22(26)19(21)15-23-16-9-3-1-4-10-16/h1-15,23H/b19-15-",IAZXVAHAJZTIQD-CYVLTUHYSA-N,5377189.0
342.44,C19H26N4O2,342.44,C19H26N4O2,CCCCCCCCCC1(N=[N+]=[N-])C(=O)N(C)c2ccccc2C1=O,['ZereneX Molecular Ltd'],0,,,336485034,"InChI=1S/C19H26N4O2/c1-3-4-5-6-7-8-11-14-19(21-22-20)17(24)15-12-9-10-13-16(15)23(2)18(19)25/h9-10,12-13H,3-8,11,14H2,1-2H3",SRQHACORXOESPB-UHFFFAOYSA-N,381893.0
347.8,C21H14ClNO2,347.8,C21H14ClNO2,ClC1(C(=O)N(c2ccccc2)c2ccccc2C1=O)c1ccccc1,['ZereneX Molecular Ltd'],0,,,922431,InChI=1S/C21H14ClNO2/c22-21(15-9-3-1-4-10-15)19(24)17-13-7-8-14-18(17)23(20(21)25)16-11-5-2-6-12-16/h1-14H,HTCLTGCKIYITMX-UHFFFAOYSA-N,2775806.0
349.74,C14H15ClF3N3O2,349.74,C14H15ClF3N3O2,CC(=O)CC(=O)N1CCN(CC1)c1ncc(cc1Cl)C(F)(F)F,['Key Organics/BIONET'],1,,"1-{4-[3-chloro-5-(trifluoromethyl)-2-pyridinyl]piperazino}-1,3-butanedione",36797338,"InChI=1S/C14H15ClF3N3O2/c1-9(22)6-12(23)20-2-4-21(5-3-20)13-11(15)7-10(8-19-13)14(16,17)18/h7-8H,2-6H2,1H3",XDVXTUDTVWWMNF-UHFFFAOYSA-N,3772207.0
351.27,C15H14F5NO3,351.27,C15H14F5NO3,CC(=O)CC(=O)N1CCc2cc(ccc12)C(O)(C(F)F)C(F)(F)F,['Pharmablock'],0,,"1-[5-(1,1,1,3,3-pentafluoro-2-hydroxypropan-2-yl)-2,3-dihydro-1H-indol-1-yl]butane-1,3-dione",345816187,"InChI=1S/C15H14F5NO3/c1-8(22)6-12(23)21-5-4-9-7-10(2-3-11(9)21)14(24,13(16)17)15(18,19)20/h2-3,7,13,24H,4-6H2,1H3",QAVSDTBLEZDHGK-UHFFFAOYSA-N,23346096.0
352.82,C20H17ClN2O2,352.82,C20H17ClN2O2,Clc1ccc(N\C=C2/C(=O)CC3N(CCc4ccccc34)C2=O)cc1,['Key Organics/BIONET'],5,,"3-[(4-chloroanilino)methylene]-1,6,7,11b-tetrahydro-2H-pyrido[2,1-a]isoquinoline-2,4(3H)-dione",27485126,"InChI=1S/C20H17ClN2O2/c21-14-5-7-15(8-6-14)22-12-17-19(24)11-18-16-4-2-1-3-13(16)9-10-23(18)20(17)25/h1-8,12,18,22H,9-11H2/b17-12+",ZVPARHIXMDCHFW-SFQUDFHCSA-N,6525010.0
353.8,C20H16ClNO3,353.8,C20H16ClNO3,CC1(C)C2=CC(=O)C(O)(C(=O)N2c2ccc(Cl)cc12)c1ccccc1,['ZereneX Molecular Ltd'],0,,,336469391,"InChI=1S/C20H16ClNO3/c1-19(2)14-10-13(21)8-9-15(14)22-16(19)11-17(23)20(25,18(22)24)12-6-4-3-5-7-12/h3-11,25H,1-2H3",XUERKRUERHBPBL-UHFFFAOYSA-N,468108.0
354.45,C21H26N2O3,354.45,C21H26N2O3,CC12CCC(C(=O)N3CCN(CC3)c3ccccc3)(C(=O)C1=O)C2(C)C,['Innovapharm Ltd.'],0,,,2539706,"InChI=1S/C21H26N2O3/c1-19(2)20(3)9-10-21(19,17(25)16(20)24)18(26)23-13-11-22(12-14-23)15-7-5-4-6-8-15/h4-8H,9-14H2,1-3H3",OFYWUUOWTYXCDH-UHFFFAOYSA-N,16423017.0
336.39,C20H20N2O3,336.39,C20H20N2O3,[13CH3][13C](=O)[13C]1=[13C](O)[13C@@H]2[13C@@H]3[13C@@H]([13CH2][13c]4[13cH][13cH][13cH][13c]5[nH][13cH][13c]3[13c]45)[13C]([13CH3])([13CH3])N2[13C]1=O,['Cayman Chemical'],31297,,Cyclopiazonic Acid-13C20,324325132,"InChI=1S/C20H20N2O3/c1-9(23)14-18(24)17-16-11-8-21-13-6-4-5-10(15(11)13)7-12(16)20(2,3)22(17)19(14)25/h4-6,8,12,16-17,21,24H,7H2,1-3H3/t12-,16+,17+/m1/s1/i1+1,2+1,3+1,4+1,5+1,6+1,7+1,8+1,9+1,10+1,11+1,12+1,13+1,14+1,15+1,16+1,17+1,18+1,19+1,20+1",SZINUGQCTHLQAZ-HORFKVFLSA-N,168315541.0
358.24,C18H16BrNO2,358.24,C18H16BrNO2,CCN1C(=O)C(Br)(Cc2ccccc2)C(=O)c2ccccc12,['ZereneX Molecular Ltd'],0,,,336490927,"InChI=1S/C18H16BrNO2/c1-2-20-15-11-7-6-10-14(15)16(21)18(19,17(20)22)12-13-8-4-3-5-9-13/h3-11H,2,12H2,1H3",JCHNUROZWLVEQA-UHFFFAOYSA-N,2785132.0
358.35,C21H14N2O4,358.35,C21H14N2O4,[O-][N+](=O)C1(C(=O)N(c2ccccc2)c2ccccc2C1=O)c1ccccc1,['ZereneX Molecular Ltd'],0,,,1844945,"InChI=1S/C21H14N2O4/c24-19-17-13-7-8-14-18(17)22(16-11-5-2-6-12-16)20(25)21(19,23(26)27)15-9-3-1-4-10-15/h1-14H",HFYDFNXJRQJRDP-UHFFFAOYSA-N,2784089.0
364.44,C19H28N2O5,364.44,C19H28N2O5,CCCCN1[C@H]2CC[C@H]([C@H]3CC(=O)[C@@H]2C(=O)N3C(=O)OC(C)(C)C)C1=O,['Pharmablock'],0,,"tert-butyl rel-(1R,2R,5R,6S)-7-butyl-4,8,11-trioxo-3,7-diazatricyclo[4.2.2.22?]dodecane-3-carboxylate",345307828,"InChI=1S/C19H28N2O5/c1-5-6-9-20-12-8-7-11(16(20)23)13-10-14(22)15(12)17(24)21(13)18(25)26-19(2,3)4/h11-13,15H,5-10H2,1-4H3/t11-,12+,13-,15-/m1/s1",UTJFFAQEVFBRNS-QVHKTLOISA-N,10808765.0
367.49,C23H29NO3,367.49,C23H29NO3,CC1(C)C2(C)CCC1(C(=O)N1CCC(Cc3ccccc3)CC1)C(=O)C2=O,['Innovapharm Ltd.'],0,,,1994751,"InChI=1S/C23H29NO3/c1-21(2)22(3)11-12-23(21,19(26)18(22)25)20(27)24-13-9-17(10-14-24)15-16-7-5-4-6-8-16/h4-8,17H,9-15H2,1-3H3",HMXOJFWZKFSVNF-UHFFFAOYSA-N,2942010.0
367.72,C15H14ClF4NO3,367.72,C15H14ClF4NO3,CC(=O)CC(=O)N1CCc2cc(ccc12)C(O)(C(F)F)C(F)(F)Cl,['Pharmablock'],0,,"1-[5-(1-chloro-1,1,3,3-tetrafluoro-2-hydroxypropan-2-yl)-2,3-dihydro-1H-indol-1-yl]butane-1,3-dione",345818999,"InChI=1S/C15H14ClF4NO3/c1-8(22)6-12(23)21-5-4-9-7-10(2-3-11(9)21)14(24,13(17)18)15(16,19)20/h2-3,7,13,24H,4-6H2,1H3",DGCCSKOMDAQSOT-UHFFFAOYSA-N,23346119.0
368.48,C22H28N2O3,368.48,C22H28N2O3,CC1(C)C2(C)CCC1(C(=O)N1CCN(Cc3ccccc3)CC1)C(=O)C2=O,['Innovapharm Ltd.'],0,,,2537223,"InChI=1S/C22H28N2O3/c1-20(2)21(3)9-10-22(20,18(26)17(21)25)19(27)24-13-11-23(12-14-24)15-16-7-5-4-6-8-16/h4-8H,9-15H2,1-3H3",ODUKDQQDXYYVPC-UHFFFAOYSA-N,16418816.0
369.26,C15H13F6NO3,369.26,C15H13F6NO3,CC(=O)CC(=O)N1CCc2cc(ccc12)C(O)(C(F)(F)F)C(F)(F)F,['Pharmablock'],0,,"1-[5-(1,1,1,3,3,3-hexafluoro-2-hydroxypropan-2-yl)-2,3-dihydro-1H-indol-1-yl]butane-1,3-dione",345814141,"InChI=1S/C15H13F6NO3/c1-8(23)6-12(24)22-5-4-9-7-10(2-3-11(9)22)13(25,14(16,17)18)15(19,20)21/h2-3,7,25H,4-6H2,1H3",OTKIKKUGLPONPI-UHFFFAOYSA-N,23346094.0
371.44,C20H25N3O4,371.44,C20H25N3O4,O=C1N2CCCc3cccc(C(=O)C1(N1CCOCC1)N1CCOCC1)c23,['ZereneX Molecular Ltd'],0,,,336489385,"InChI=1S/C20H25N3O4/c24-18-16-5-1-3-15-4-2-6-23(17(15)16)19(25)20(18,21-7-11-26-12-8-21)22-9-13-27-14-10-22/h1,3,5H,2,4,6-14H2",BKUZAPLNPHLSHC-UHFFFAOYSA-N,2784631.0
372.38,C22H16N2O4,372.38,C22H16N2O4,[O-][N+](=O)C1(Cc2ccccc2)C(=O)N(c2ccccc2)c2ccccc2C1=O,['ZereneX Molecular Ltd'],0,,,33450329,"InChI=1S/C22H16N2O4/c25-20-18-13-7-8-14-19(18)23(17-11-5-2-6-12-17)21(26)22(20,24(27)28)15-16-9-3-1-4-10-16/h1-14H,15H2",URDRDZDFIVDTOK-UHFFFAOYSA-N,2784206.0
373.15,C13H12INO4,373.15,C13H12INO4,CCOC(=O)C1C(=O)N(C)c2cc(I)ccc2C1=O,['Ambeed'],0,,"Ethyl 7-iodo-1-methyl-2,4-dioxo-1,2,3,4-tetrahydroquinoline-3-carboxylate",76050994,"InChI=1S/C13H12INO4/c1-3-19-13(18)10-11(16)8-5-4-7(14)6-9(8)15(2)12(10)17/h4-6,10H,3H2,1-2H3",ZGZIATSRWBSNDV-UHFFFAOYSA-N,121552360.0
373.84,C23H16ClNO2,373.84,C23H16ClNO2,ClC1(C(=O)C=C(N(C1=O)c1ccccc1)c1ccccc1)c1ccccc1,['ZereneX Molecular Ltd'],0,,,49796872,InChI=1S/C23H16ClNO2/c24-23(18-12-6-2-7-13-18)21(26)16-20(17-10-4-1-5-11-17)25(22(23)27)19-14-8-3-9-15-19/h1-16H,RVRVVRYGNWPGQZ-UHFFFAOYSA-N,2780906.0
375.85,C23H18ClNO2,375.85,C23H18ClNO2,ClC1(Cc2ccccc2)C(=O)N(Cc2ccccc2)c2ccccc2C1=O,['ZereneX Molecular Ltd'],0,,,49796854,"InChI=1S/C23H18ClNO2/c24-23(15-17-9-3-1-4-10-17)21(26)19-13-7-8-14-20(19)25(22(23)27)16-18-11-5-2-6-12-18/h1-14H,15-16H2",BPLQLJJOVFZZMU-UHFFFAOYSA-N,2780320.0
376.41,C22H20N2O4,376.41,C22H20N2O4,O=C(CC(=O)C(=O)CC(=O)N1CCc2ccccc12)N1CCc2ccccc12,['Key Organics/BIONET'],6,,"1,6-di(2,3-dihydro-1H-indol-1-yl)-1,3,4,6-hexanetetraone",27492458,"InChI=1S/C22H20N2O4/c25-19(13-21(27)23-11-9-15-5-1-3-7-17(15)23)20(26)14-22(28)24-12-10-16-6-2-4-8-18(16)24/h1-8H,9-14H2",LOOURAGZPRGOPQ-UHFFFAOYSA-N,3849986.0
382.8,C20H15ClN2O4,382.8,C20H15ClN2O4,CC1(C)C2=CC(=O)C(C(=O)N2c2ccc(Cl)cc12)(c1ccccc1)[N+]([O-])=O,['ZereneX Molecular Ltd'],0,,,336469135,"InChI=1S/C20H15ClN2O4/c1-19(2)14-10-13(21)8-9-15(14)22-16(19)11-17(24)20(18(22)25,23(26)27)12-6-4-3-5-7-12/h3-11H,1-2H3",QTWSJUXVJCWENZ-UHFFFAOYSA-N,468110.0
383.29,C16H15F6NO3,383.29,C16H15F6NO3,CCC(=O)CC(=O)N1CCc2cc(ccc12)C(O)(C(F)(F)F)C(F)(F)F,['Pharmablock'],0,,"1-[5-(1,1,1,3,3,3-hexafluoro-2-hydroxypropan-2-yl)-2,3-dihydro-1H-indol-1-yl]pentane-1,3-dione",345815674,"InChI=1S/C16H15F6NO3/c1-2-11(24)8-13(25)23-6-5-9-7-10(3-4-12(9)23)14(26,15(17,18)19)16(20,21)22/h3-4,7,26H,2,5-6,8H2,1H3",UXSOPBARWKHEKD-UHFFFAOYSA-N,23346127.0
384.48,C22H28N2O4,384.48,C22H28N2O4,COc1ccc(cc1)N1CCN(CC1)C(=O)C12CCC(C)(C(=O)C1=O)C2(C)C,['Innovapharm Ltd.'],0,,,2539263,"InChI=1S/C22H28N2O4/c1-20(2)21(3)9-10-22(20,18(26)17(21)25)19(27)24-13-11-23(12-14-24)15-5-7-16(28-4)8-6-15/h5-8H,9-14H2,1-4H3",NUIUUWODTRAFGI-UHFFFAOYSA-N,17584982.0
385.72,C15H13ClF5NO3,385.72,C15H13ClF5NO3,CC(=O)CC(=O)N1CCc2cc(ccc12)C(O)(C(F)(F)F)C(F)(F)Cl,['Pharmablock'],0,,"1-[5-(1-chloro-1,1,3,3,3-pentafluoro-2-hydroxypropan-2-yl)-2,3-dihydro-1H-indol-1-yl]butane-1,3-dione",345816958,"InChI=1S/C15H13ClF5NO3/c1-8(23)6-12(24)22-5-4-9-7-10(2-3-11(9)22)13(25,14(16,17)18)15(19,20)21/h2-3,7,25H,4-6H2,1H3",GELDMJFBLZFEPT-UHFFFAOYSA-N,23346111.0
388.47,C24H24N2O3,388.47,C24H24N2O3,O=C1C\C(CCN1Cc1ccccc1)=C1/C(=O)CCN(Cc2ccccc2)C1=O,"['Combi-Blocks, Inc.']",0,,"1-Benzyl-3-(1-benzyl-2-oxo-piperidin-4-ylidene)piperidine-2,4-dione",53846641,"InChI=1S/C24H24N2O3/c27-21-12-14-26(17-19-9-5-2-6-10-19)24(29)23(21)20-11-13-25(22(28)15-20)16-18-7-3-1-4-8-18/h1-10H,11-17H2/b23-20+",KSXDVIMGGTUSDV-BSYVCWPDSA-N,121592112.0
388.47,C24H24N2O3,388.47,C24H24N2O3,O=C1C\C(CCN1Cc1ccccc1)=C1\C(=O)CCN(Cc2ccccc2)C1=O,['AQ BioPharma Co. Ltd.'],0,,"1-benzyl-3-(1-benzyl-2-oxo-piperidin-4-ylidene)piperidine-2,4-dione",75508130,"InChI=1S/C24H24N2O3/c27-21-12-14-26(17-19-9-5-2-6-10-19)24(29)23(21)20-11-13-25(22(28)15-20)16-18-7-3-1-4-8-18/h1-10H,11-17H2/b23-20-",KSXDVIMGGTUSDV-ATJXCDBQSA-N,129319590.0
388.89,C21H25ClN2O3,388.89,C21H25ClN2O3,CC1(C)C2(C)CCC1(C(=O)N1CCN(CC1)c1cccc(Cl)c1)C(=O)C2=O,['Innovapharm Ltd.'],0,,,2540929,"InChI=1S/C21H25ClN2O3/c1-19(2)20(3)7-8-21(19,17(26)16(20)25)18(27)24-11-9-23(10-12-24)15-6-4-5-14(22)13-15/h4-6,13H,7-12H2,1-3H3",XWDNRKSRCVTQKV-UHFFFAOYSA-N,16424537.0
389.49,C22H31NO5,389.49,C22H31NO5,C[C@@H]1O[C@@]2(O)[C@H](CO)N(C)C(=O)[C@@]22[C@@H]1[C@@H]1C=C[C@@H]3C[C@H](C)CC[C@H]3[C@]1(C)C2=O,['Cayman Chemical'],20692,,Fusarisetin A,106671379,"InChI=1S/C22H31NO5/c1-11-5-7-14-13(9-11)6-8-15-17-12(2)28-22(27)16(10-24)23(4)19(26)21(17,22)18(25)20(14,15)3/h6,8,11-17,24,27H,5,7,9-10H2,1-4H3/t11-,12+,13-,14-,15+,16+,17+,20+,21+,22+/m1/s1",IIZSEOKGOHTBLK-KDLRZXEZSA-N,117797928.0
390.34,C20H14F4N2O2,390.34,C20H14F4N2O2,C\C(Nc1ccc(F)cc1F)=C1\C(=O)C=C(C)N(C1=O)c1ccc(F)cc1F,['Fluorochem Ltd UK'],0,,"1-(2,4-Difluoro-phenyl)-3-[1-(2,4-difluoro-phenylamino)-ethylidene]-6-methyl-1H-pyridine-2,4-dione",56755497,"InChI=1S/C20H14F4N2O2/c1-10-7-18(27)19(11(2)25-16-5-3-12(21)8-14(16)23)20(28)26(10)17-6-4-13(22)9-15(17)24/h3-9,25H,1-2H3/b19-11+",LDAYQIXBKNNVIL-YBFXNURJSA-N,124926734.0
391.83,C23H15ClFNO2,391.83,C23H15ClFNO2,FC1(C(=O)N(C(=C(Cl)C1=O)c1ccccc1)c1ccccc1)c1ccccc1,['ZereneX Molecular Ltd'],0,,,336485540,"InChI=1S/C23H15ClFNO2/c24-19-20(16-10-4-1-5-11-16)26(18-14-8-3-9-15-18)22(28)23(25,21(19)27)17-12-6-2-7-13-17/h1-15H",FOPCTMNHBXDYBJ-UHFFFAOYSA-N,2784271.0
397.32,C17H17F6NO3,397.32,C17H17F6NO3,CCC(=O)CC(=O)N1CCCc2cc(ccc12)C(O)(C(F)(F)F)C(F)(F)F,['Pharmablock'],0,,"1-[6-(1,1,1,3,3,3-hexafluoro-2-hydroxypropan-2-yl)-1,2,3,4-tetrahydroquinolin-1-yl]pentane-1,3-dione",345817977,"InChI=1S/C17H17F6NO3/c1-2-12(25)9-14(26)24-7-3-4-10-8-11(5-6-13(10)24)15(27,16(18,19)20)17(21,22)23/h5-6,8,27H,2-4,7,9H2,1H3",NIKSAKALVAXGNH-UHFFFAOYSA-N,23346105.0
397.45,C20H19N3O4S,397.45,C20H19N3O4S,CCCCN1C(=O)\C(=C2/Nc3ccccc3S(=O)(=O)N2)C(=O)c2ccccc12,['Toronto Research Chemicals'],0,,"1-Butyl-3-(1,1-dioxido-2H-1,2,4-benzothiadiazin-3-yl)-4-hydroxy-2(1H)-quinolinone",317396268,"InChI=1S/C20H19N3O4S/c1-2-3-12-23-15-10-6-4-8-13(15)18(24)17(20(23)25)19-21-14-9-5-7-11-16(14)28(26,27)22-19/h4-11,21-22H,2-3,12H2,1H3/b19-17+",XJFKLYPIDFWSLY-HTXNQAPBSA-N,6258714.0
398.42,C24H18N2O4,398.42,C24H18N2O4,Cc1ccc(cc1)C(=O)C1C(=O)N(C(=O)N(C1=O)c1ccccc1)c1ccccc1,['ZereneX Molecular Ltd'],0,,,1848821,"InChI=1S/C24H18N2O4/c1-16-12-14-17(15-13-16)21(27)20-22(28)25(18-8-4-2-5-9-18)24(30)26(23(20)29)19-10-6-3-7-11-19/h2-15,20H,1H3",OEYACIQZBHNITB-UHFFFAOYSA-N,2785832.0
402.49,C22H30N2O5,402.49,C22H30N2O5,COc1ccc(CN2CC3(CCN(CC3)OC(=O)C(C)(C)C)C(=O)CC2=O)cc1,['Apollo Scientific US'],0,,"2-[(4-Methoxyphenyl)methyl]-3,5-dioxo-2,9-diazaspiro[5.5]undecan-9-yl 2,2-dimethylpropanoate",49864548,"InChI=1S/C22H30N2O5/c1-21(2,3)20(27)29-24-11-9-22(10-12-24)15-23(19(26)13-18(22)25)14-16-5-7-17(28-4)8-6-16/h5-8H,9-15H2,1-4H3",ZOVSSVSOQWPPAA-UHFFFAOYSA-N,77058996.0
402.49,C22H30N2O5,402.49,C22H30N2O5,COc1ccc(CN2CC3(CCN(CC3)C(=O)OC(C)(C)C)C(=O)CC2=O)cc1,['Key Organics/BIONET'],0,,"tert-butyl 2-[(4-methoxyphenyl)methyl]-3,5-dioxo-2,9-diazaspiro[5.5]undecane-9-carboxylate",174258658,"InChI=1S/C22H30N2O5/c1-21(2,3)29-20(27)23-11-9-22(10-12-23)15-24(19(26)13-18(22)25)14-16-5-7-17(28-4)8-6-16/h5-8H,9-15H2,1-4H3",DZGSAKJAPUYYNE-UHFFFAOYSA-N,68314830.0
403.39,C22H17N3O5,403.39,C22H17N3O5,CN1CC(=O)N2[C@@H](c3[nH]c4ccccc4c3C(=O)[C@@H]2C1=O)c1ccc2OCOc2c1,['Toronto Research Chemicals'],0,,Tadalafil Oxidation Impurity,316770133,"InChI=1S/C22H17N3O5/c1-24-9-16(26)25-19(11-6-7-14-15(8-11)30-10-29-14)18-17(21(27)20(25)22(24)28)12-4-2-3-5-13(12)23-18/h2-8,19-20,23H,9-10H2,1H3/t19-,20-/m1/s1",GXPBOQRCRGGFSC-WOJBJXKFSA-N,154630282.0
404.82,C17H20ClF3N4O2,404.82,C17H20ClF3N4O2,CN(C)\C=C(/C(C)=O)C(=O)N1CCN(CC1)c1ncc(cc1Cl)C(F)(F)F,['Key Organics/BIONET'],1,,"1-{4-[3-chloro-5-(trifluoromethyl)-2-pyridinyl]piperazino}-2-[(dimethylamino)methylene]-1,3-butanedione",45783879,"InChI=1S/C17H20ClF3N4O2/c1-11(26)13(10-23(2)3)16(27)25-6-4-24(5-7-25)15-14(18)8-12(9-22-15)17(19,20)21/h8-10H,4-7H2,1-3H3/b13-10+",ZCBRDUVKQIKMGX-JLHYYAGUSA-N,6513454.0
406.29,C16H12F6N4O2,406.29,C16H12F6N4O2,Fc1cc(F)c(CC(=O)CC(=O)N2CCn3c(C2)nnc3C(F)(F)F)cc1F,['Matrix Scientific'],91126,,"1-(3-(Trifluoromethyl)-5,6-dihydro-[1,2,4]triazolo[4,3-a]pyrazin-7(8H)-yl)-4-(2,4,5-trifluorophenyl)butane-1,3-dione",25038689,"InChI=1S/C16H12F6N4O2/c17-10-6-12(19)11(18)4-8(10)3-9(27)5-14(28)25-1-2-26-13(7-25)23-24-15(26)16(20,21)22/h4,6H,1-3,5,7H2",QAEDTLFWHIEVPK-UHFFFAOYSA-N,9887588.0
408.28,C23H15Cl2NO2,408.28,C23H15Cl2NO2,ClC1=C(N(C(=O)C(Cl)(C1=O)c1ccccc1)c1ccccc1)c1ccccc1,['ZereneX Molecular Ltd'],0,,,49796864,"InChI=1S/C23H15Cl2NO2/c24-19-20(16-10-4-1-5-11-16)26(18-14-8-3-9-15-18)22(28)23(25,21(19)27)17-12-6-2-7-13-17/h1-15H",YCSJNACFRLKMKN-UHFFFAOYSA-N,2780587.0
412.44,C25H20N2O4,412.44,C25H20N2O4,CCC1=C(N(C(=O)C(C1=O)(c1ccccc1)[N+]([O-])=O)c1ccccc1)c1ccccc1,['ZereneX Molecular Ltd'],0,,,336482983,"InChI=1S/C25H20N2O4/c1-2-21-22(18-12-6-3-7-13-18)26(20-16-10-5-11-17-20)24(29)25(23(21)28,27(30)31)19-14-8-4-9-15-19/h3-17H,2H2,1H3",PHBHIDPLLGAOEB-UHFFFAOYSA-N,2784325.0
414.85,C23H15ClN4O2,414.85,C23H15ClN4O2,ClC1=C(N(C(=O)C(N=[N+]=[N-])(C1=O)c1ccccc1)c1ccccc1)c1ccccc1,['ZereneX Molecular Ltd'],0,,,49801881,"InChI=1S/C23H15ClN4O2/c24-19-20(16-10-4-1-5-11-16)28(18-14-8-3-9-15-18)22(30)23(21(19)29,26-27-25)17-12-6-2-7-13-17/h1-15H",LJCSWOKTCLISLU-UHFFFAOYSA-N,374158.0
416.4,C22H19F3N2O3,416.4,C22H19F3N2O3,FC(F)(F)c1ccc(CO\N=C\C2C(=O)CC3N(CCc4ccccc34)C2=O)cc1,['Key Organics/BIONET'],8,,"2,4-dioxo-1,3,4,6,7,11b-hexahydro-2H-pyrido[2,1-a]isoquinoline-3-carbaldehyde O-[4-(trifluoromethyl)benzyl]oxime",45790250,"InChI=1S/C22H19F3N2O3/c23-22(24,25)16-7-5-14(6-8-16)13-30-26-12-18-20(28)11-19-17-4-2-1-3-15(17)9-10-27(19)21(18)29/h1-8,12,18-19H,9-11,13H2/b26-12+",ZCXFSGQWTAFNFC-RPPGKUMJSA-N,9659660.0
417.29,C20H18Cl2N4O2,417.29,C20H18Cl2N4O2,CN(C)C(=O)C(Cc1ccccc1)C(=O)c1cn(nn1)-c1cc(Cl)cc(Cl)c1,['Key Organics/BIONET'],11,,"2-benzyl-3-[1-(3,5-dichlorophenyl)-1H-1,2,3-triazol-4-yl]-N,N-dimethyl-3-oxopropanamide",4863601,"InChI=1S/C20H18Cl2N4O2/c1-25(2)20(28)17(8-13-6-4-3-5-7-13)19(27)18-12-26(24-23-18)16-10-14(21)9-15(22)11-16/h3-7,9-12,17H,8H2,1-2H3",JEPIZSOUGHHICQ-UHFFFAOYSA-N,2768048.0
417.29,C21H18Cl2N2O3,417.29,C21H18Cl2N2O3,Clc1ccc(CO\N=C\C2C(=O)CC3N(CCc4ccccc34)C2=O)c(Cl)c1,['Key Organics/BIONET'],7,,"2,4-dioxo-1,3,4,6,7,11b-hexahydro-2H-pyrido[2,1-a]isoquinoline-3-carbaldehyde O-(2,4-dichlorobenzyl)oxime",45789498,"InChI=1S/C21H18Cl2N2O3/c22-15-6-5-14(18(23)9-15)12-28-24-11-17-20(26)10-19-16-4-2-1-3-13(16)7-8-25(19)21(17)27/h1-6,9,11,17,19H,7-8,10,12H2/b24-11+",MOVLVBZQGVQSQG-BHGWPJFGSA-N,9607775.0
417.31,C18H13F6N3O2,417.31,C18H13F6N3O2,CN(C(=O)C(=N\Nc1cccc(c1)C(F)(F)F)\C(=O)C(F)(F)F)c1ccccc1,['Key Organics/BIONET'],7,,"4,4,4-trifluoro-N-methyl-3-oxo-N-phenyl-2-{(E)-2-[3-(trifluoromethyl)phenyl]hydrazono}butanamide",45789666,"InChI=1S/C18H13F6N3O2/c1-27(13-8-3-2-4-9-13)16(29)14(15(28)18(22,23)24)26-25-12-7-5-6-11(10-12)17(19,20)21/h2-10,25H,1H3/b26-14+",NBFUTRHFZTUZSC-VULFUBBASA-N,5856371.0
419.24,C16H15BrN6O3,419.24,C16H15BrN6O3,CN(C)C(=O)C(C(C)=O)n1cnc2n(nnc2c1=O)-c1ccc(Br)cc1,['Chemtellect Inc.'],0,,"2-[3-(4-bromophenyl)-7-oxo-3H,6H,7H-[1,2,3]triazolo[4,5-d]pyrimidin-6-yl]-N,N-dimethyl-3-oxobutanamide",5530523,"InChI=1S/C16H15BrN6O3/c1-9(24)13(16(26)21(2)3)22-8-18-14-12(15(22)25)19-20-23(14)11-6-4-10(17)5-7-11/h4-8,13H,1-3H3",WMZQNBDQPWJLQK-UHFFFAOYSA-N,18561925.0
431.83,C20H18ClN3O6,431.83,C20H18ClN3O6,OC(=O)CNC(=O)C1C(=O)CCN(Cc2ccc(Oc3ccc(Cl)cc3)nc2)C1=O,['Key Organics/BIONET'],0,,"2-(1-((6-(4-Chlorophenoxy)pyridin-3-yl)methyl)-4-hydroxy-2-oxo-1,2,5,6-tetrahydropyridine-3-carboxamido)acetic acid",324133912,"InChI=1S/C20H18ClN3O6/c21-13-2-4-14(5-3-13)30-16-6-1-12(9-22-16)11-24-8-7-15(25)18(20(24)29)19(28)23-10-17(26)27/h1-6,9,18H,7-8,10-11H2,(H,23,28)(H,26,27)",RAXZNWMIBUXEFJ-UHFFFAOYSA-N,123950501.0
432.32,C24H18BrNO2,432.32,C24H18BrNO2,CC1=C(N(C(=O)C(Br)(C1=O)c1ccccc1)c1ccccc1)c1ccccc1,['ZereneX Molecular Ltd'],0,,,336483495,"InChI=1S/C24H18BrNO2/c1-17-21(18-11-5-2-6-12-18)26(20-15-9-4-10-16-20)23(28)24(25,22(17)27)19-13-7-3-8-14-19/h2-16H,1H3",RFVCHEXBIFPZFA-UHFFFAOYSA-N,2784327.0
432.52,C23H32N2O6,432.52,C23H32N2O6,CCC(=O)C(C)C(=O)N(c1ccccc1)C1(CCN(CCC(=O)OC)CC1)C(=O)OC,['Toronto Research Chemicals'],0,,1-(Methoxycarbonyl-ethyl)-4-[(2-methyl-3-oxo-pentanoyl)-phenyl-amino]-piperidine -4-carboxylic Acid Methyl Ester,317712552,"InChI=1S/C23H32N2O6/c1-5-19(26)17(2)21(28)25(18-9-7-6-8-10-18)23(22(29)31-4)12-15-24(16-13-23)14-11-20(27)30-3/h6-10,17H,5,11-16H2,1-4H3",GTCJEIDBPVRZJI-UHFFFAOYSA-N,165411948.0
436.28,C23H15BrFNO2,436.28,C23H15BrFNO2,FC1(C(=O)N(C(=C(Br)C1=O)c1ccccc1)c1ccccc1)c1ccccc1,['ZereneX Molecular Ltd'],0,,,336470922,"InChI=1S/C23H15BrFNO2/c24-19-20(16-10-4-1-5-11-16)26(18-14-8-3-9-15-18)22(28)23(25,21(19)27)17-12-6-2-7-13-17/h1-15H",LUNXJZIGMMAJBL-UHFFFAOYSA-N,2784279.0
439.1,C17H13Br2NO3,439.1,C17H13Br2NO3,COc1cc2N(C)C(=O)C(Br)(C(=O)c2cc1Br)c1ccccc1,['ZereneX Molecular Ltd'],0,,,336492460,"InChI=1S/C17H13Br2NO3/c1-20-13-9-14(23-2)12(18)8-11(13)15(21)17(19,16(20)22)10-6-4-3-5-7-10/h3-9H,1-2H3",TZVRMQSZFZHUBB-UHFFFAOYSA-N,2785078.0
452.73,C23H15BrClNO2,452.73,C23H15BrClNO2,ClC1(C(=O)N(C(=C(Br)C1=O)c1ccccc1)c1ccccc1)c1ccccc1,['ZereneX Molecular Ltd'],0,,,336485796,"InChI=1S/C23H15BrClNO2/c24-19-20(16-10-4-1-5-11-16)26(18-14-8-3-9-15-18)22(28)23(25,21(19)27)17-12-6-2-7-13-17/h1-15H",VKUNZJWQYXWCQN-UHFFFAOYSA-N,2784276.0
453.49,C26H25F2NO4,453.49,C26H25F2NO4,COC(=O)C1=C2CCCCCN2C(=O)C(Cc2ccc(F)cc2)(Cc2ccc(F)cc2)C1=O,['HTS Biochemie'],0,,"methyl 3,3-bis(4-fluorobenzyl)-2,4-dioxo-2,3,4,6,7,8,9,10-octahydropyrido[1,2-a]azepine-1-carboxylate",50152052,"InChI=1S/C26H25F2NO4/c1-33-24(31)22-21-5-3-2-4-14-29(21)25(32)26(23(22)30,15-17-6-10-19(27)11-7-17)16-18-8-12-20(28)13-9-18/h6-13H,2-5,14-16H2,1H3",YPKVMMBKDPUUOF-UHFFFAOYSA-N,75527791.0
463.29,C23H15BrN2O4,463.29,C23H15BrN2O4,[O-][N+](=O)C1(C(=O)N(C(=C(Br)C1=O)c1ccccc1)c1ccccc1)c1ccccc1,['ZereneX Molecular Ltd'],0,,,336486052,"InChI=1S/C23H15BrN2O4/c24-19-20(16-10-4-1-5-11-16)25(18-14-8-3-9-15-18)22(28)23(21(19)27,26(29)30)17-12-6-2-7-13-17/h1-15H",XSFDSOFWXDNZLM-UHFFFAOYSA-N,2784277.0
483.53,C26H25N7O3,483.53,C26H25N7O3,CC(=O)CC(=O)N1CCC[C@H]1c1nc(-c2ccc(cc2)C(=O)Nc2ccccn2)c2c(N)nccn12,['Toronto Research Chemicals'],0,,ACP-5134,324525451,"InChI=1S/C26H25N7O3/c1-16(34)15-21(35)32-13-4-5-19(32)25-31-22(23-24(27)29-12-14-33(23)25)17-7-9-18(10-8-17)26(36)30-20-6-2-3-11-28-20/h2-3,6-12,14,19H,4-5,13,15H2,1H3,(H2,27,29)(H,28,30,36)/t19-/m0/s1",TXJIIJNPPIJVPV-IBGZPJMESA-N,146249179.0
495.6,C20H14Br2ClNO2,495.6,C20H14Br2ClNO2,CC1(C)C2=C(Br)C(=O)C(Br)(C(=O)N2c2ccc(Cl)cc12)c1ccccc1,['ZereneX Molecular Ltd'],0,,,336483493,"InChI=1S/C20H14Br2ClNO2/c1-19(2)13-10-12(23)8-9-14(13)24-16(19)15(21)17(25)20(22,18(24)26)11-6-4-3-5-7-11/h3-10H,1-2H3",UUTIMDDEKABGBQ-UHFFFAOYSA-N,2784290.0
497.19,C23H15Br2NO2,497.19,C23H15Br2NO2,BrC1=C(N(C(=O)C(Br)(C1=O)c1ccccc1)c1ccccc1)c1ccccc1,['ZereneX Molecular Ltd'],0,,,336471178,"InChI=1S/C23H15Br2NO2/c24-19-20(16-10-4-1-5-11-16)26(18-14-8-3-9-15-18)22(28)23(25,21(19)27)17-12-6-2-7-13-17/h1-15H",UIPUZAWXLYLUPD-UHFFFAOYSA-N,2784272.0
513.9,C26H19ClF3N3O3,513.9,C26H19ClF3N3O3,FC(F)(F)c1cnc(Oc2cccc(N\C=C3/C(=O)CC4N(CCc5ccccc45)C3=O)c2)c(Cl)c1,['Key Organics/BIONET'],7,,"3-[(3-{[3-chloro-5-(trifluoromethyl)-2-pyridinyl]oxy}anilino)methylene]-1,6,7,11b-tetrahydro-2H-pyrido[2,1-a]isoquinolin",45789500,"InChI=1S/C26H19ClF3N3O3/c27-21-10-16(26(28,29)30)13-32-24(21)36-18-6-3-5-17(11-18)31-14-20-23(34)12-22-19-7-2-1-4-15(19)8-9-33(22)25(20)35/h1-7,10-11,13-14,22,31H,8-9,12H2/b20-14+",MPHAROUPOPYWJJ-XSFVSMFZSA-N,6518619.0
513.9,C26H19ClF3N3O3,513.9,C26H19ClF3N3O3,FC(F)(F)c1cnc(Oc2ccccc2N\C=C2/C(=O)CC3N(CCc4ccccc34)C2=O)c(Cl)c1,['Key Organics/BIONET'],8,,"3-[(2-{[3-chloro-5-(trifluoromethyl)-2-pyridinyl]oxy}anilino)methylene]-1,6,7,11b-tetrahydro-2H-pyrido[2,1-a]isoquinolin",45790232,"InChI=1S/C26H19ClF3N3O3/c27-19-11-16(26(28,29)30)13-32-24(19)36-23-8-4-3-7-20(23)31-14-18-22(34)12-21-17-6-2-1-5-15(17)9-10-33(21)25(18)35/h1-8,11,13-14,21,31H,9-10,12H2/b18-14+",DFGURUKOFIWPFJ-NBVRZTHBSA-N,6535459.0
548.02,C18H14Br3NO4,548.02,C18H14Br3NO4,COc1ccc(cc1)C1(Br)C(=O)N(C)c2c(Br)c(OC)c(Br)cc2C1=O,['ZereneX Molecular Ltd'],0,,,336493740,"InChI=1S/C18H14Br3NO4/c1-22-14-11(8-12(19)15(26-3)13(14)20)16(23)18(21,17(22)24)9-4-6-10(25-2)7-5-9/h4-8H,1-3H3",BHXLHVSXOGIUKZ-UHFFFAOYSA-N,2785084.0
560.69,C36H36N2O4,560.69,C36H36N2O4,CC[C@@H]([C@@H](C(C)=O)C(=O)N1[C@@H](COC1=O)c1ccccc1)c1cccc(c1)N(Cc1ccccc1)Cc1ccccc1,['Toronto Research Chemicals'],0,,Northioridazine Hydrochloride,48666000,"InChI=1S/C36H36N2O4/c1-3-32(34(26(2)39)35(40)38-33(25-42-36(38)41)29-18-11-6-12-19-29)30-20-13-21-31(22-30)37(23-27-14-7-4-8-15-27)24-28-16-9-5-10-17-28/h4-22,32-34H,3,23-25H2,1-2H3/t32-,33+,34-/m1/s1",OFFBHRASEZKSAB-OUYGKKDFSA-N,10973747.0
562.05,C19H16Br3NO4,562.05,C19H16Br3NO4,CCN1C(=O)C(Br)(C(=O)c2cc(Br)c(OC)c(Br)c12)c1ccc(OC)cc1,['ZereneX Molecular Ltd'],0,,,336492716,"InChI=1S/C19H16Br3NO4/c1-4-23-15-12(9-13(20)16(27-3)14(15)21)17(24)19(22,18(23)25)10-5-7-11(26-2)8-6-10/h5-9H,4H2,1-3H3",PWPMYZAVDAWXKW-UHFFFAOYSA-N,2785079.0
822.05,C44H71NO13,822.05,C44H71NO13,COC1CC(CCC1O)C=C(C)C1OC(=O)C2CCCCN2C(=O)C(O)(O)C(=O)C(C)CC(OC)C(O)C(CC(C)CC(C)=CC(CC=C)C(=O)CC(O)C1C)OC,['BOC Sciences'],0,,Oxacyclohexane open ring tacrolimus,337723254,"InChI=1S/C44H71NO13/c1-10-13-31-19-25(2)18-26(3)20-37(56-8)39(49)38(57-9)22-28(5)41(50)44(53,54)43(52)45-17-12-11-14-32(45)42(51)58-40(29(6)34(47)24-35(31)48)27(4)21-30-15-16-33(46)36(23-30)55-7/h10,19,21,26,28-34,36-40,46-47,49,53-54H,1,11-18,20,22-24H2,2-9H3",NDOLMJWSFDJWBE-UHFFFAOYSA-N,155899276.0
958.24,C53H83NO14,958.24,C53H83NO14,CO[C@@H]1C[C@H](C[C@@H](C)[C@@H]2CC(=O)[C@H](C)\C=C(C)\[C@@H](O)[C@@H](OC)C(=O)[C@H](C)C[C@H](C)\C=C\C=C\C=C(C)\[C@H](C[C@@H]3CC[C@@H](C)C(=O)C(O)(O3)C(=O)N3CCCC[C@H]3C(=O)O2)OC)CC[C@H]1OCCO,['Toronto Research Chemicals'],0,,"Everolimus Isomer C (>60%, contains everolimus)",324512157,"InChI=1S/C53H83NO14/c1-32-16-12-11-13-17-33(2)44(63-8)30-40-21-19-34(3)50(59)53(62,68-40)52(61)54-23-15-14-18-41(54)51(60)67-45(36(5)28-39-20-22-43(66-25-24-55)46(29-39)64-9)31-42(56)35(4)27-38(7)48(58)49(65-10)47(57)37(6)26-32/h11-13,16-17,27,32,34-37,39-41,43-46,48-49,55,58,62H,14-15,18-26,28-31H2,1-10H3/b13-11+,16-12+,33-17+,38-27+/t32-,34-,35-,36-,37-,39+,40+,41+,43-,44+,45+,46-,48-,49+,53?/m1/s1",USDOYNAPNXMXOE-YWBHOXRLSA-N,11722132.0
357.41,C20H23NO5,357.41,C20H23NO5,C\C=C\C=C\C=C\C=C\C=C\C(=O)C1=C(O)[C@@H](CCC(O)=O)N(C)C1=O,['TargetMol'],0,,Fuligorubin A,338034698,"InChI=1S/C20H23NO5/c1-3-4-5-6-7-8-9-10-11-12-16(22)18-19(25)15(13-14-17(23)24)21(2)20(18)26/h3-12,15,25H,13-14H2,1-2H3,(H,23,24)/b4-3+,6-5+,8-7+,10-9+,12-11+/t15-/m1/s1",MCZKTQVSHDNNLH-XJCMFISFSA-N,102328490.0
373.49,C22H31NO4,373.49,C22H31NO4,C\C=C\[C@@H]1C=C[C@@H]2C[C@H](C)CC[C@H]2[C@]1(C)C(=O)C1=C(O)[C@@H](CO)N(C)C1=O,['Key Organics/BIONET'],0,,Epiequisetin,44844156,"InChI=1S/C22H31NO4/c1-5-6-15-9-8-14-11-13(2)7-10-16(14)22(15,3)20(26)18-19(25)17(12-24)23(4)21(18)27/h5-6,8-9,13-17,24-25H,7,10-12H2,1-4H3/b6-5+/t13-,14-,15-,16-,17-,22-/m1/s1",YHKYFYCSTJGMID-JWROMMBDSA-N,98051326.0
373.49,C22H31NO4,373.49,C22H31NO4,C\C=C\[C@@H]1C=C[C@@H]2C[C@H](C)CC[C@H]2[C@]1(C)C(=O)C1=C(O)[C@H](CO)N(C)C1=O,['Key Organics/BIONET'],0,,Equisetin,324790075,"InChI=1S/C22H31NO4/c1-5-6-15-9-8-14-11-13(2)7-10-16(14)22(15,3)20(26)18-19(25)17(12-24)23(4)21(18)27/h5-6,8-9,13-17,24-25H,7,10-12H2,1-4H3/b6-5+/t13-,14-,15-,16-,17+,22-/m1/s1",YHKYFYCSTJGMID-KNQICWOTSA-N,74764332.0
440.71,C19H16Cl3N3O3,440.71,C19H16Cl3N3O3,CN(C)C(=O)C(Cl)(\N=N\c1ccc(Cl)cc1C(=O)c1ccccc1Cl)C(C)=O,['Toronto Research Chemicals'],0,,"2-Chloro-2-[2-[4-chloro-2-(2-chlorobenzoyl)phenyl]diazenyl]-N,N-dimethyl-3-oxo-butanamide",316760648,"InChI=1S/C19H16Cl3N3O3/c1-11(26)19(22,18(28)25(2)3)24-23-16-9-8-12(20)10-14(16)17(27)13-6-4-5-7-15(13)21/h4-10H,1-3H3/b24-23+",LVDYWLACNJMFJD-WCWDXBQESA-N,13078227.0
517.58,C27H35NO9,517.58,C27H35NO9,COC(=O)C1C(C)OC2(C)CC(=O)C3OC12OC(C(C)C=C(C)C=CC(=O)C1=C(O)CN(C)C1=O)C3C,['TargetMol'],0,,BU-2313 A,337887601,"InChI=1S/C27H35NO9/c1-13(8-9-17(29)20-19(31)12-28(6)24(20)32)10-14(2)22-15(3)23-18(30)11-26(5)27(36-22,37-23)21(16(4)35-26)25(33)34-7/h8-10,14-16,21-23,31H,11-12H2,1-7H3",MUASXEUVTDTECX-UHFFFAOYSA-N,74088341.0
587.71,C32H45NO9,587.71,C32H45NO9,CC(C)C(OC1CC(O)C(O)C(C)O1)C(C)C=C(C)C=CC=CC=CC=CC(=O)C1=C(O)C(CCC(O)=O)N(C)C1=O,['TargetMol'],0,,?-Lipomycin,310981410,"InChI=1S/C32H45NO9/c1-19(2)31(42-27-18-25(35)29(38)22(5)41-27)21(4)17-20(3)13-11-9-7-8-10-12-14-24(34)28-30(39)23(15-16-26(36)37)33(6)32(28)40/h7-14,17,19,21-23,25,27,29,31,35,38-39H,15-16,18H2,1-6H3,(H,36,37)",ALLWPCYJUTZQBK-UHFFFAOYSA-N,76185229.0
1198.62,C65H115NO18,1198.62,C65H115NO18,CC(C)C=C1N(C)C(=O)C(C(=O)C(C)=CCC(O)CC(O)CCC(C)C(O)C(C)C(O)CCCC(O)C(C)C(O)C(C)=CC(C)C(=O)C(C)=CC(O)C(O)CC(O)CC(O)C(C)CCC(O)CC(O)CCC(C)C(O)C(C)C(O)C(C)C)=C1O,['TargetMol'],0,,Amycomycin,338025214,"InChI=1S/C65H115NO18/c1-34(2)27-51-64(83)57(65(84)66(51)15)63(82)39(8)22-26-49(70)31-47(68)24-20-37(6)60(79)43(12)52(72)17-16-18-53(73)44(13)62(81)41(10)28-40(9)59(78)42(11)29-55(75)56(76)33-50(71)32-54(74)36(5)19-23-46(67)30-48(69)25-21-38(7)61(80)45(14)58(77)35(3)4/h22,27-29,34-38,40,43-50,52-56,58,60-62,67-77,79-81,83H,16-21,23-26,30-33H2,1-15H3",ONLSQSLDPUVCQV-UHFFFAOYSA-N,76179702.0
