SMILES,Crippen_logp,NumHDonors,NumHAcceptors,NumRotatableBonds,TPSA,natoms,refractivity,HAS_PYR_H,HAS_MULTIPLE_PYR,HAS_FRAGMENTS,HAS_BAD_NITROGEN,MOL_WT,HAS_SULFONYL_HALIDE,HAS_ACID_HALIDES,HAS_PYRADINONE,INCHI,INCHI_KEY,CID
COC(=O)c1cc(OC(F)F)c(Cl)cn1,2.123,0,4,4,48.42,21,47.21850000000001,True,False,False,False,237.58900000000003,False,False,False,"InChI=1S/C8H6ClF2NO3/c1-14-7(13)5-2-6(15-8(10)11)4(9)3-12-5/h2-3,8H,1H3",SMMYQKJNKURFHU-UHFFFAOYSA-N,nan
N#Cc1cccnc1O[C@H]1CC[C@H](N)CC1,1.6019799999999995,1,4,3,71.92999999999999,31,59.81140000000003,True,False,False,False,217.2720000000001,False,False,False,"InChI=1S/C12H15N3O/c13-8-9-2-1-7-15-12(9)16-11-5-3-10(14)4-6-11/h1-2,7,10-11H,3-6,14H2/t10-,11-",CZMXMRQHXNJAEN-XYPYZODXSA-N,nan
CCOC(=O)c1cncc([N+](=O)[O-])c1C(F)(F)F,2.1853,0,5,4,82.33,25,51.849900000000005,True,False,False,False,264.1589999999998,False,False,False,"InChI=1S/C9H7F3N2O4/c1-2-18-8(15)5-3-13-4-6(14(16)17)7(5)9(10,11)12/h3-4H,2H2,1H3",LONIDWAPWJXMFE-UHFFFAOYSA-N,nan
CCOC(=O)Cc1cc(OC(F)F)c(Cl)cn1,2.442,0,4,6,48.42,27,56.21600000000002,True,False,False,False,265.6429999999998,False,False,False,"InChI=1S/C10H10ClF2NO3/c1-2-16-9(15)4-6-3-8(17-10(12)13)7(11)5-14-6/h3,5,10H,2,4H2,1H3",NIZHESJLJACAMZ-UHFFFAOYSA-N,nan
COC(=O)Cc1ncc(OC(F)F)cc1Cl,2.0519,0,4,5,48.42,24,51.59900000000002,True,False,False,False,251.61600000000004,False,False,False,"InChI=1S/C9H8ClF2NO3/c1-15-8(14)3-7-6(10)2-5(4-13-7)16-9(11)12/h2,4,9H,3H2,1H3",QYBOELVFIQOWKK-UHFFFAOYSA-N,nan
COC(=O)Cc1cnc(Cl)c([N+](=O)[O-])c1,1.3586999999999998,0,5,4,82.33,22,51.62140000000001,True,False,False,False,230.60700000000008,False,False,False,"InChI=1S/C8H7ClN2O4/c1-15-7(12)3-5-2-6(11(13)14)8(9)10-4-5/h2,4H,3H2,1H3",ZQYPQXIDGUBKAK-UHFFFAOYSA-N,nan
Nc1ccc(N[C@H]2CC[C@H](O)CC2)nc1,1.3792,3,4,4,71.17,32,60.53490000000003,True,False,False,False,207.27700000000013,False,False,False,"InChI=1S/C11H17N3O/c12-8-1-6-11(13-7-8)14-9-2-4-10(15)5-3-9/h1,6-7,9-10,15H,2-5,12H2,(H,13,14)/t9-,10-",PSJLVIOGQMEMPY-MGCOHNPYSA-N,nan
COc1ccc(-c2cc(O)n(-c3ccccn3)n2)cc1,2.6485000000000003,1,5,5,60.17,33,75.01180000000002,True,False,False,False,267.2879999999998,False,False,False,"InChI=1S/C15H13N3O2/c1-20-12-7-5-11(6-8-12)13-10-15(19)18(17-13)14-4-2-3-9-16-14/h2-10,19H,1H3",AQTAEOLQPCGGCC-UHFFFAOYSA-N,nan
FC(F)(F)Oc1cc2ccccc2cn1,3.133400000000001,0,2,1,22.12,21,48.42600000000002,True,False,False,False,213.15800000000004,False,False,False,"InChI=1S/C10H6F3NO/c11-10(12,13)15-9-5-7-3-1-2-4-8(7)6-14-9/h1-6H",OCYSFPOQNGZVMW-UHFFFAOYSA-N,nan
NC(=O)COc1ccc(/C=N/c2cccnc2)cc1,1.6963,1,4,5,77.57000000000001,32,72.62240000000003,True,False,False,False,255.2770000000001,False,False,False,"InChI=1S/C14H13N3O2/c15-14(18)10-19-13-5-3-11(4-6-13)8-17-12-2-1-7-16-9-12/h1-9H,10H2,(H2,15,18)/b17-8+",KKVVURKGJLLOII-CAOOACKPSA-N,nan
COC(=O)Cc1ccc(N)nc1C(F)(F)F,1.3981,1,4,4,65.21000000000001,25,49.3714,True,False,False,False,234.17700000000005,False,False,False,"InChI=1S/C9H9F3N2O2/c1-16-7(15)4-5-2-3-6(13)14-8(5)9(10,11)12/h2-3H,4H2,1H3,(H2,13,14)",QCVUCCBRBKUWNM-UHFFFAOYSA-N,nan
CCOC(=O)c1ccc(OC(F)F)c(Cl)n1,2.513100000000001,0,4,5,48.42,24,51.83550000000002,True,False,False,False,251.61600000000004,False,False,False,"InChI=1S/C9H8ClF2NO3/c1-2-15-8(14)5-3-4-6(7(10)13-5)16-9(11)12/h3-4,9H,2H2,1H3",XMJLEUUKHMKDNN-UHFFFAOYSA-N,nan
O=C(/C=C(\O)c1ccccn1)c1ccc(F)cc1,3.0025000000000013,1,3,4,50.19,28,65.57330000000002,True,False,False,False,243.23700000000005,False,False,False,"InChI=1S/C14H10FNO2/c15-11-6-4-10(5-7-11)13(17)9-14(18)12-3-1-2-8-16-12/h1-9,18H/b14-9-",DAIBLHFLSBWDRV-ZROIWOOFSA-N,nan
CC(C)c1ccc(C(=O)/C=C(\O)c2ccncc2)cc1,3.9868000000000015,1,3,7,50.19,37,79.70430000000005,True,False,False,False,267.3279999999998,False,False,False,"InChI=1S/C17H17NO2/c1-12(2)13-3-5-14(6-4-13)16(19)11-17(20)15-7-9-18-10-8-15/h3-12,20H,1-2H3/b17-11-",WSQJOZHHRYIJQZ-BOPFTXTBSA-N,nan
COC(=O)c1c([N+](=O)[O-])cncc1C(F)(F)F,1.7952,0,5,3,82.33,22,47.23290000000001,True,False,False,False,250.132,False,False,False,"InChI=1S/C8H5F3N2O4/c1-17-7(14)6-4(8(9,10)11)2-12-3-5(6)13(15)16/h2-3H,1H3",FDCHEOAFYOUAIW-UHFFFAOYSA-N,nan
O=S1(=O)CCC(/N=C/c2ccncc2)C1,0.6876000000000002,0,4,2,59.39,27,58.88980000000003,True,False,False,False,224.28500000000008,False,False,False,"InChI=1S/C10H12N2O2S/c13-15(14)6-3-10(8-15)12-7-9-1-4-11-5-2-9/h1-2,4-5,7,10H,3,6,8H2/b12-7+",COWLRLPULFXIDY-KPKJPENVSA-N,nan
Fc1ccccc1/C=N/c1cccc2cnccc12,4.124500000000003,0,2,2,25.25,30,75.39700000000002,True,False,False,False,250.27600000000007,False,False,False,InChI=1S/C16H11FN2/c17-15-6-2-1-4-13(15)11-19-16-7-3-5-12-10-18-9-8-14(12)16/h1-11H/b19-11+,UYBBYUMVWXFBEG-YBFXNURJSA-N,nan
COC(=O)Cc1ncccc1OC(F)(F)F,1.6956999999999998,0,4,4,48.42,24,46.640000000000015,True,False,False,False,235.16100000000003,False,False,False,"InChI=1S/C9H8F3NO3/c1-15-8(14)5-6-7(3-2-4-13-6)16-9(10,11)12/h2-4H,5H2,1H3",IZHSEYQAURLQBR-UHFFFAOYSA-N,nan
COC(=O)c1cncc(C(F)(F)F)c1[N+](=O)[O-],1.7952,0,5,3,82.33,22,47.23290000000001,True,False,False,False,250.132,False,False,False,"InChI=1S/C8H5F3N2O4/c1-17-7(14)4-2-12-3-5(8(9,10)11)6(4)13(15)16/h2-3H,1H3",MXXRVVSPXNXNLH-UHFFFAOYSA-N,nan
COC(=O)c1ccc(/N=C/c2cccnc2Cl)c(F)c1,3.4113000000000024,0,4,4,51.55,30,74.24050000000003,True,False,False,False,292.69699999999983,False,False,False,"InChI=1S/C14H10ClFN2O2/c1-20-14(19)9-4-5-12(11(16)7-9)18-8-10-3-2-6-17-13(10)15/h2-8H,1H3/b18-8+",DSMBOIXJZDVGKD-QGMBQPNBSA-N,nan
COC(=O)Cc1cncc(Cl)c1OC(F)F,2.0519,0,4,5,48.42,24,51.59900000000002,True,False,False,False,251.61600000000004,False,False,False,"InChI=1S/C9H8ClF2NO3/c1-15-7(14)2-5-3-13-4-6(10)8(5)16-9(11)12/h3-4,9H,2H2,1H3",TYFDUDCQVMVANU-UHFFFAOYSA-N,nan
COC(=O)c1c(C(F)(F)F)ccnc1[N+](=O)[O-],1.7952,0,5,3,82.33,22,47.23290000000001,True,False,False,False,250.13200000000003,False,False,False,"InChI=1S/C8H5F3N2O4/c1-17-7(14)5-4(8(9,10)11)2-3-12-6(5)13(15)16/h2-3H,1H3",YBKTWWTZJXPITI-UHFFFAOYSA-N,nan
N#CCc1ccc(C(F)(F)F)nc1[N+](=O)[O-],2.0746800000000003,0,4,2,79.82,20,45.2104,True,False,False,False,231.133,False,False,False,"InChI=1S/C8H4F3N3O2/c9-8(10,11)6-2-1-5(3-4-12)7(13-6)14(15)16/h1-2H,3H2",NMSRMWVVXDURAW-UHFFFAOYSA-N,nan
O=c1oc2ccccc2c(O)c1/C=N/c1cccnc1,2.6442000000000005,1,5,3,75.69,30,75.63980000000001,True,False,False,False,266.2559999999998,False,False,False,"InChI=1S/C15H10N2O3/c18-14-11-5-1-2-6-13(11)20-15(19)12(14)9-17-10-4-3-7-16-8-10/h1-9,18H/b17-9+",SZSBFKKJKKYCBQ-RQZCQDPDSA-N,nan
Cc1cc(O)n(-c2ccncc2)n1,1.2813199999999998,1,4,3,50.94,22,47.760800000000025,True,False,False,False,175.19100000000006,False,False,False,"InChI=1S/C9H9N3O/c1-7-6-9(13)12(11-7)8-2-4-10-5-3-8/h2-6,13H,1H3",GREUOTCKLJAUPX-UHFFFAOYSA-N,nan
Cc1ccc(Nc2nc3c(c(=O)[nH]2)CCC3)nc1,1.7056199999999997,2,4,3,70.67,32,69.13940000000001,True,False,False,False,242.28200000000007,False,False,False,"InChI=1S/C13H14N4O/c1-8-5-6-11(14-7-8)16-13-15-10-4-2-3-9(10)12(18)17-13/h5-7H,2-4H2,1H3,(H2,14,15,16,17,18)",YWPHHIZUGXOKLK-UHFFFAOYSA-N,nan
C(=N/Cc1ccccc1)\c1cccnc1,2.7007000000000003,0,2,3,25.25,27,61.97700000000003,True,False,False,False,196.25300000000007,False,False,False,"InChI=1S/C13H12N2/c1-2-5-12(6-3-1)9-15-11-13-7-4-8-14-10-13/h1-8,10-11H,9H2/b15-11+",DXDPRQLAIWIMDP-RVDMUPIBSA-N,nan
O=C(O)Cc1ncc(Cl)cc1OC(F)F,1.9635,1,4,4,59.42,21,47.21880000000001,True,False,False,False,237.589,False,False,False,"InChI=1S/C8H6ClF2NO3/c9-4-1-6(15-8(10)11)5(12-3-4)2-7(13)14/h1,3,8H,2H2,(H,13,14)",PHYNIOSHNYTPRU-UHFFFAOYSA-N,nan
Oc1ccccc1/C=N/c1cccnc1,2.5378000000000007,1,3,3,45.48,25,59.59780000000003,True,False,False,False,198.22500000000008,False,False,False,"InChI=1S/C12H10N2O/c15-12-6-2-1-4-10(12)8-14-11-5-3-7-13-9-11/h1-9,15H/b14-8+",RJMOGSGZQSAJDH-RIYZIHGNSA-N,nan
CCOC(=O)Cc1cc(Cl)nc(OC(F)F)c1,2.442,0,4,6,48.42,27,56.21600000000002,True,False,False,False,265.64299999999974,False,False,False,"InChI=1S/C10H10ClF2NO3/c1-2-16-9(15)5-6-3-7(11)14-8(4-6)17-10(12)13/h3-4,10H,2,5H2,1H3",MQCLDUYLNYUMAU-UHFFFAOYSA-N,nan
Nc1ccc2c(n1)=NC(=O)CC=2O,-1.1201,2,4,2,88.57000000000001,20,45.0912,True,False,False,False,177.16300000000004,False,False,False,"InChI=1S/C8H7N3O2/c9-6-2-1-4-5(12)3-7(13)11-8(4)10-6/h1-2,12H,3H2,(H2,9,10,11,13)",AWHDSNORIIMQRU-UHFFFAOYSA-N,nan
Cc1ccc(C(=O)/C=C(\O)c2ccccn2)cc1,3.171820000000001,1,3,5,50.19,31,70.35230000000003,True,False,False,False,239.2740000000001,False,False,False,"InChI=1S/C15H13NO2/c1-11-5-7-12(8-6-11)14(17)10-15(18)13-4-2-3-9-16-13/h2-10,18H,1H3/b15-10-",NZARTRVSGWULIX-GDNBJRDFSA-N,nan
CCOC(=O)c1cc(OC(F)F)c(Cl)cn1,2.513100000000001,0,4,5,48.42,24,51.83550000000002,True,False,False,False,251.61600000000004,False,False,False,"InChI=1S/C9H8ClF2NO3/c1-2-15-8(14)6-3-7(16-9(11)12)5(10)4-13-6/h3-4,9H,2H2,1H3",UMEOXFUFCYUIGM-UHFFFAOYSA-N,nan
CCOC(=O)Cc1c(N)cncc1C(F)(F)F,1.7882000000000002,1,4,5,65.21000000000001,28,53.988400000000006,True,False,False,False,248.2040000000001,False,False,False,"InChI=1S/C10H11F3N2O2/c1-2-17-9(16)3-6-7(10(11,12)13)4-15-5-8(6)14/h4-5H,2-3,14H2,1H3",LIFKFZHJKHKPIG-UHFFFAOYSA-N,nan
COc1ccc(-n2ncc3cnc4cc(O)ccc4c32)cc1,3.287900000000002,1,5,4,60.17,35,84.58780000000002,True,False,False,False,291.3099999999998,False,False,False,"InChI=1S/C17H13N3O2/c1-22-14-5-2-12(3-6-14)20-17-11(10-19-20)9-18-16-8-13(21)4-7-15(16)17/h2-10,21H,1H3",GITISHUGXBJKNU-UHFFFAOYSA-N,nan
CCOC(=O)Cc1ccc(Cl)nc1OC(F)F,2.442000000000001,0,4,6,48.42,27,56.21600000000002,True,False,False,False,265.6429999999998,False,False,False,"InChI=1S/C10H10ClF2NO3/c1-2-16-8(15)5-6-3-4-7(11)14-9(6)17-10(12)13/h3-4,10H,2,5H2,1H3",BNYJNOBHWSDGTH-UHFFFAOYSA-N,nan
COC(=O)c1ncc(Cl)cc1OC(F)F,2.123,0,4,4,48.42,21,47.21850000000001,True,False,False,False,237.58900000000003,False,False,False,"InChI=1S/C8H6ClF2NO3/c1-14-7(13)6-5(15-8(10)11)2-4(9)3-12-6/h2-3,8H,1H3",RNRYHBVAWSVSIR-UHFFFAOYSA-N,nan
O=S1(=O)CC(Cl)C(/N=C/c2ccncc2)C1,0.9049,0,4,2,59.39,27,63.91380000000003,True,False,False,False,258.73,False,False,False,"InChI=1S/C10H11ClN2O2S/c11-9-6-16(14,15)7-10(9)13-5-8-1-3-12-4-2-8/h1-5,9-10H,6-7H2/b13-5+",AAAMVMWHAHJLTN-WLRTZDKTSA-N,nan
CCOC(=O)Cc1cc(OC(F)(F)F)ccn1,2.0858,0,4,5,48.42,27,51.25700000000002,True,False,False,False,249.18800000000005,False,False,False,"InChI=1S/C10H10F3NO3/c1-2-16-9(15)6-7-5-8(3-4-14-7)17-10(11,12)13/h3-5H,2,6H2,1H3",SKVVPMCFYBEXFX-UHFFFAOYSA-N,nan
Cc1nn(-c2ccncc2)c(O)c1CCO,0.8161199999999997,2,5,6,71.17,29,58.55060000000003,True,False,False,False,219.24400000000009,False,False,False,"InChI=1S/C11H13N3O2/c1-8-10(4-7-15)11(16)14(13-8)9-2-5-12-6-3-9/h2-3,5-6,15-16H,4,7H2,1H3",XNTFXGMABGKXSL-UHFFFAOYSA-N,nan
N#CC1=C(N)Oc2[nH]c(=O)[nH]c(=O)c2C1c1ccncc1,-0.3236200000000007,3,6,2,137.64999999999998,30,71.2178,True,False,False,False,283.24699999999984,False,False,False,"InChI=1S/C13H9N5O3/c14-5-7-8(6-1-3-16-4-2-6)9-11(19)17-13(20)18-12(9)21-10(7)15/h1-4,8H,15H2,(H2,17,18,19,20)",AGSCKVJCPLQHBM-UHFFFAOYSA-N,nan
CCOC(=O)c1cncc(C(F)(F)F)c1F,2.416200000000001,0,3,3,39.19,23,45.15350000000001,True,False,False,False,237.152,False,False,False,"InChI=1S/C9H7F4NO2/c1-2-16-8(15)5-3-14-4-6(7(5)10)9(11,12)13/h3-4H,2H2,1H3",BDWQACVHRXETNH-UHFFFAOYSA-N,nan
CCOC(=O)c1cnn2ccc(O)cc12,1.2166,1,5,4,63.83,25,52.81330000000002,True,False,False,False,206.20100000000008,False,False,False,"InChI=1S/C10H10N2O3/c1-2-15-10(14)8-6-11-12-4-3-7(13)5-9(8)12/h3-6,13H,2H2,1H3",DEPKHKBDTJZIFB-UHFFFAOYSA-N,nan
CCOC(=O)Cc1cc(C)nc(N)c1,1.07782,1,4,6,65.21,28,53.72340000000002,True,False,False,False,194.2340000000001,False,False,False,"InChI=1S/C10H14N2O2/c1-3-14-10(13)6-8-4-7(2)12-9(11)5-8/h4-5H,3,6H2,1-2H3,(H2,11,12)",SYEWGNHNHJUDGA-UHFFFAOYSA-N,nan
N[C@H]1CC[C@H](Oc2ncccc2Cl)CC1,2.3837,1,3,3,48.14,30,60.10640000000003,True,False,False,False,226.7070000000001,False,False,False,"InChI=1S/C11H15ClN2O/c12-10-2-1-7-14-11(10)15-9-5-3-8(13)4-6-9/h1-2,7-9H,3-6,13H2/t8-,9-",GYRGDRHNKMMIEJ-KYZUINATSA-N,nan
CCOC(=O)Cc1c(F)ccnc1C(F)(F)F,2.3451000000000004,0,3,4,39.19,26,49.53400000000001,True,False,False,False,251.17900000000003,False,False,False,"InChI=1S/C10H9F4NO2/c1-2-17-8(16)5-6-7(11)3-4-15-9(6)10(12,13)14/h3-4H,2,5H2,1H3",BEDIJLNKMCORJH-UHFFFAOYSA-N,nan
CCOc1ccc(C(=O)/C=C(\O)c2ccncc2)cc1,3.262100000000001,1,4,7,59.42,35,76.78430000000003,True,False,False,False,269.2999999999997,False,False,False,"InChI=1S/C16H15NO3/c1-2-20-14-5-3-12(4-6-14)15(18)11-16(19)13-7-9-17-10-8-13/h3-11,19H,2H2,1H3/b16-11-",GQFLDVUXJCWXEV-WJDWOHSUSA-N,nan
CCOC(=O)c1nc(Cl)ccc1OC(F)F,2.513100000000001,0,4,5,48.42,24,51.83550000000002,True,False,False,False,251.616,False,False,False,"InChI=1S/C9H8ClF2NO3/c1-2-15-8(14)7-5(16-9(11)12)3-4-6(10)13-7/h3-4,9H,2H2,1H3",VYXIBABGJCZUOF-UHFFFAOYSA-N,nan
CCOC(=O)Cc1ncc(OC(F)F)cc1Cl,2.442,0,4,6,48.42,27,56.21600000000002,True,False,False,False,265.6429999999998,False,False,False,"InChI=1S/C10H10ClF2NO3/c1-2-16-9(15)4-8-7(11)3-6(5-14-8)17-10(12)13/h3,5,10H,2,4H2,1H3",XVXMSRUEDLNOQF-UHFFFAOYSA-N,nan
CCc1nn2c(O)cc(-c3cccnc3)nc2c1C,2.3677200000000003,1,5,5,63.31,33,71.99780000000003,True,False,False,False,254.2930000000001,False,False,False,"InChI=1S/C14H14N4O/c1-3-11-9(2)14-16-12(7-13(19)18(14)17-11)10-5-4-6-15-8-10/h4-8,19H,3H2,1-2H3",MSMADEPJKRHSPK-UHFFFAOYSA-N,nan
O=C(O)c1cnn2c(O)cc(-c3cccnc3)nc12,1.1950999999999998,2,7,3,100.61,27,64.84210000000002,True,False,False,False,256.22100000000006,False,False,False,"InChI=1S/C12H8N4O3/c17-10-4-9(7-2-1-3-13-5-7)15-11-8(12(18)19)6-14-16(10)11/h1-6,17H,(H,18,19)",OZQXZFXAYHEHJJ-UHFFFAOYSA-N,nan
CCOC(=O)c1cnc([N+](=O)[O-])cc1C(F)(F)F,2.1853,0,5,4,82.33,25,51.849900000000005,True,False,False,False,264.1589999999998,False,False,False,"InChI=1S/C9H7F3N2O4/c1-2-18-8(15)5-4-13-7(14(16)17)3-6(5)9(10,11)12/h3-4H,2H2,1H3",SVMMIPZCEYOAJF-UHFFFAOYSA-N,nan
CCOC(=O)c1nc([N+](=O)[O-])ccc1C(F)(F)F,2.1853,0,5,4,82.33,25,51.84990000000001,True,False,False,False,264.1589999999998,False,False,False,"InChI=1S/C9H7F3N2O4/c1-2-18-8(15)7-5(9(10,11)12)3-4-6(13-7)14(16)17/h3-4H,2H2,1H3",WBSAMBYVUDLODE-UHFFFAOYSA-N,nan
CCOC(=O)Cc1cnc(Cl)cc1OC(F)F,2.442000000000001,0,4,6,48.42,27,56.21600000000002,True,False,False,False,265.6429999999998,False,False,False,"InChI=1S/C10H10ClF2NO3/c1-2-16-9(15)3-6-5-14-8(11)4-7(6)17-10(12)13/h4-5,10H,2-3H2,1H3",GOLFZCGZEGNACP-UHFFFAOYSA-N,nan
[O-][n+]1ccccc1Nc1ccccc1,2.0636,1,2,2,38.97,24,55.12670000000002,True,False,False,False,186.21400000000008,False,False,False,"InChI=1S/C11H10N2O/c14-13-9-5-4-8-11(13)12-10-6-2-1-3-7-10/h1-9,12H",DXRWVUPDOKDNKN-UHFFFAOYSA-N,nan
O=C(O)Cc1ccnc(OC(F)F)c1Cl,1.9635,1,4,4,59.42,21,47.21880000000001,True,False,False,False,237.58900000000003,False,False,False,"InChI=1S/C8H6ClF2NO3/c9-6-4(3-5(13)14)1-2-12-7(6)15-8(10)11/h1-2,8H,3H2,(H,13,14)",RJOPQDNYQRKODU-UHFFFAOYSA-N,nan
CCOC(=O)c1nc(OC(F)F)ccc1Cl,2.513100000000001,0,4,5,48.42,24,51.835500000000025,True,False,False,False,251.61600000000004,False,False,False,"InChI=1S/C9H8ClF2NO3/c1-2-15-8(14)7-5(10)3-4-6(13-7)16-9(11)12/h3-4,9H,2H2,1H3",LLXMCDIJHSJVNM-UHFFFAOYSA-N,nan
Nc1c2nnc3ccnn3c2cc[n+]1[O-],-0.5068999999999999,1,6,1,96.04,21,51.6604,True,False,False,False,202.177,False,False,False,"InChI=1S/C8H6N6O/c9-8-7-5(2-4-13(8)15)14-6(11-12-7)1-3-10-14/h1-4H,9H2",BKACLWQVFVWRDM-UHFFFAOYSA-N,nan
COC(=O)Cc1c(OC(F)F)ccnc1Cl,2.0519,0,4,5,48.42,24,51.59900000000002,True,False,False,False,251.61600000000004,False,False,False,"InChI=1S/C9H8ClF2NO3/c1-15-7(14)4-5-6(16-9(11)12)2-3-13-8(5)10/h2-3,9H,4H2,1H3",WZNZJSCGKOIOBS-UHFFFAOYSA-N,nan
CCOC(=O)c1cc(Cl)nc(OC(F)F)c1,2.513100000000001,0,4,5,48.42,24,51.83550000000002,True,False,False,False,251.61600000000004,False,False,False,"InChI=1S/C9H8ClF2NO3/c1-2-15-8(14)5-3-6(10)13-7(4-5)16-9(11)12/h3-4,9H,2H2,1H3",VPZUISWPSSBWBH-UHFFFAOYSA-N,nan
[2H]C([2H])([2H])N(Cc1ccc(Cl)nc1)/C(C)=N/C#N,2.06628,0,3,4,52.28,26,59.436000000000014,True,False,False,False,225.69730533400005,False,False,False,"InChI=1S/C10H11ClN4/c1-8(14-7-12)15(2)6-9-3-4-10(11)13-5-9/h3-5H,6H2,1-2H3/b14-8+/i2D3",WCXDHFDTOYPNIE-WZAFYLDHSA-N,nan
Oc1ccc2ccccc2c1/N=N/c1ccccn1,4.355800000000002,1,4,3,57.84,30,74.02580000000002,True,False,False,False,249.27300000000008,False,False,False,"InChI=1S/C15H11N3O/c19-13-9-8-11-5-1-2-6-12(11)15(13)18-17-14-7-3-4-10-16-14/h1-10,19H/b18-17+",LLYOXZQVOKALCD-ISLYRVAYSA-N,nan
CCc1c(C)nn2c(O)cc(-c3ccccn3)nc12,2.3677200000000003,1,5,5,63.31,33,71.99780000000003,True,False,False,False,254.2930000000001,False,False,False,"InChI=1S/C14H14N4O/c1-3-10-9(2)17-18-13(19)8-12(16-14(10)18)11-6-4-5-7-15-11/h4-8,19H,3H2,1-2H3",UXNPXCJEZWTESI-UHFFFAOYSA-N,nan
COC(=O)Cc1cc(Cl)nc(OC(F)F)c1,2.0519,0,4,5,48.42,24,51.59900000000002,True,False,False,False,251.61600000000004,False,False,False,"InChI=1S/C9H8ClF2NO3/c1-15-8(14)4-5-2-6(10)13-7(3-5)16-9(11)12/h2-3,9H,4H2,1H3",RXZHQSCZSVWUMS-UHFFFAOYSA-N,nan
CCOC(=O)Cc1cc(C#N)cc(N)n1,0.6410800000000002,1,5,5,89.0,26,53.701400000000014,True,False,False,False,205.2170000000001,False,False,False,"InChI=1S/C10H11N3O2/c1-2-15-10(14)5-8-3-7(6-11)4-9(12)13-8/h3-4H,2,5H2,1H3,(H2,12,13)",CMQZUJBOQDVHHH-UHFFFAOYSA-N,nan
C/C(=N\C#N)N(C)Cc1ccc(Cl)nc1,2.06628,0,3,4,52.28,26,59.43600000000002,True,False,False,False,222.6790000000001,False,False,False,"InChI=1S/C10H11ClN4/c1-8(14-7-12)15(2)6-9-3-4-10(11)13-5-9/h3-5H,6H2,1-2H3/b14-8+",WCXDHFDTOYPNIE-RIYZIHGNSA-N,nan
Cc1ccc2c(n1)nn1c(O)cc(C)nc21,1.59994,1,5,3,63.31,26,59.42680000000002,True,False,False,False,214.2280000000001,False,False,False,"InChI=1S/C11H10N4O/c1-6-3-4-8-10(12-6)14-15-9(16)5-7(2)13-11(8)15/h3-5,16H,1-2H3",NMNHBBHJBFJPEP-UHFFFAOYSA-N,nan
CC(C)c1cc(O)n(-c2ccncc2)n1,2.0962999999999994,1,4,5,50.94,28,57.11280000000004,True,False,False,False,203.2450000000001,False,False,False,"InChI=1S/C11H13N3O/c1-8(2)10-7-11(15)14(13-10)9-3-5-12-6-4-9/h3-8,15H,1-2H3",FYKXZWFIOHYTKN-UHFFFAOYSA-N,nan
COC(=O)Cc1cc(OC(F)F)ncc1Cl,2.0519,0,4,5,48.42,24,51.59900000000002,True,False,False,False,251.61600000000004,False,False,False,"InChI=1S/C9H8ClF2NO3/c1-15-8(14)3-5-2-7(16-9(11)12)13-4-6(5)10/h2,4,9H,3H2,1H3",DWCUNZHJVMIJOV-UHFFFAOYSA-N,nan
O=C(O)Cc1c(Cl)cncc1OC(F)F,1.9635,1,4,4,59.42,21,47.21880000000001,True,False,False,False,237.589,False,False,False,"InChI=1S/C8H6ClF2NO3/c9-5-2-12-3-6(15-8(10)11)4(5)1-7(13)14/h2-3,8H,1H2,(H,13,14)",BLKIJKQZEJUIFO-UHFFFAOYSA-N,nan
COC(=O)Cc1cc(OC(F)F)cnc1Cl,2.0519,0,4,5,48.42,24,51.59900000000002,True,False,False,False,251.61600000000004,False,False,False,"InChI=1S/C9H8ClF2NO3/c1-15-7(14)3-5-2-6(16-9(11)12)4-13-8(5)10/h2,4,9H,3H2,1H3",UOWVLFNOJREWQO-UHFFFAOYSA-N,nan
COC(=O)c1cncc(Cl)c1OC(F)F,2.123,0,4,4,48.42,21,47.21850000000001,True,False,False,False,237.58900000000003,False,False,False,"InChI=1S/C8H6ClF2NO3/c1-14-7(13)4-2-12-3-5(9)6(4)15-8(10)11/h2-3,8H,1H3",CJRNEEAEMFIIKA-UHFFFAOYSA-N,nan
C(=N/c1ccc2c(c1)OCO2)\c1cccnc1,2.5609,0,4,2,43.71,27,64.05600000000003,True,False,False,False,226.23500000000004,False,False,False,"InChI=1S/C13H10N2O2/c1-2-10(7-14-5-1)8-15-11-3-4-12-13(6-11)17-9-16-12/h1-8H,9H2/b15-8+",VZPLXGRDUJLQES-OVCLIPMQSA-N,nan
O=[N+]([O-])c1cc[n+]([O-])c2[nH]cc(C(F)(F)F)c12,1.7283,1,3,1,85.87,21,48.9151,True,False,False,False,247.132,False,False,False,"InChI=1S/C8H4F3N3O3/c9-8(10,11)4-3-12-7-6(4)5(14(16)17)1-2-13(7)15/h1-3,12H",OFDBYGKJZOPJKS-UHFFFAOYSA-N,nan
CCO/C(O)=C(\C#N)c1ccncc1[N+](=O)[O-],1.7764799999999998,1,6,6,109.28,26,57.679200000000016,True,False,False,False,235.19900000000007,False,False,False,"InChI=1S/C10H9N3O4/c1-2-17-10(14)8(5-11)7-3-4-12-6-9(7)13(15)16/h3-4,6,14H,2H2,1H3/b10-8+",WQSOSKGNTGDKFR-CSKARUKUSA-N,nan
COC(=O)c1ccc(OC(F)F)c(Cl)n1,2.123,0,4,4,48.42,21,47.21850000000001,True,False,False,False,237.58900000000003,False,False,False,"InChI=1S/C8H6ClF2NO3/c1-14-7(13)4-2-3-5(6(9)12-4)15-8(10)11/h2-3,8H,1H3",GSYAOHHRCNKXHF-UHFFFAOYSA-N,nan
O=C(O)Cc1ccc(Cl)c(OC(F)F)n1,1.9635,1,4,4,59.42,21,47.21880000000001,True,False,False,False,237.58900000000003,False,False,False,"InChI=1S/C8H6ClF2NO3/c9-5-2-1-4(3-6(13)14)12-7(5)15-8(10)11/h1-2,8H,3H2,(H,13,14)",NALLURUDQOWSDA-UHFFFAOYSA-N,nan
CCCCCCCc1cc(O)c2ccccc2[n+]1[O-],3.691700000000002,1,2,8,47.17,40,77.03580000000004,True,False,False,False,259.34900000000005,False,False,False,"InChI=1S/C16H21NO2/c1-2-3-4-5-6-9-13-12-16(18)14-10-7-8-11-15(14)17(13)19/h7-8,10-12,18H,2-6,9H2,1H3",NZPACTGCRWDXCJ-UHFFFAOYSA-N,nan
C1=CC(c2ccccn2)=Nc2ccccc2N1,3.1416000000000013,1,3,1,37.28,28,69.63870000000003,True,False,False,False,221.2630000000001,False,False,False,"InChI=1S/C14H11N3/c1-2-7-13-11(5-1)16-10-8-14(17-13)12-6-3-4-9-15-12/h1-10,16H",GTQRPQKOJZFHSY-UHFFFAOYSA-N,nan
COC(=O)c1c(Cl)cncc1OC(F)F,2.123,0,4,4,48.42,21,47.21850000000001,True,False,False,False,237.58900000000003,False,False,False,"InChI=1S/C8H6ClF2NO3/c1-14-7(13)6-4(9)2-12-3-5(6)15-8(10)11/h2-3,8H,1H3",JHNGYTDXZMMXOA-UHFFFAOYSA-N,nan
COC(=O)Cc1cnccc1OC(F)(F)F,1.6957000000000002,0,4,4,48.42,24,46.640000000000015,True,False,False,False,235.16100000000003,False,False,False,"InChI=1S/C9H8F3NO3/c1-15-8(14)4-6-5-13-3-2-7(6)16-9(10,11)12/h2-3,5H,4H2,1H3",YVTVAOUCTLCGDL-UHFFFAOYSA-N,nan
O=C(/C=C(\O)c1ccncc1)c1ccccc1,2.8634000000000013,1,3,4,50.19,28,65.61530000000003,True,False,False,False,225.24700000000007,False,False,False,"InChI=1S/C14H11NO2/c16-13(11-4-2-1-3-5-11)10-14(17)12-6-8-15-9-7-12/h1-10,17H/b14-10-",WOAPIKXUBWRALE-UVTDQMKNSA-N,nan
COC(=O)c1cc(F)c(C(F)(F)F)cn1,2.0261,0,3,2,39.19,20,40.53650000000001,True,False,False,False,223.12500000000003,False,False,False,"InChI=1S/C8H5F4NO2/c1-15-7(14)6-2-5(9)4(3-13-6)8(10,11)12/h2-3H,1H3",GISJWORUNQRINK-UHFFFAOYSA-N,nan
Cc1ccc(O)c(/N=N/c2ccccc2)n1,3.511020000000002,1,4,4,57.84,27,61.25680000000003,True,False,False,False,213.2400000000001,False,False,False,"InChI=1S/C12H11N3O/c1-9-7-8-11(16)12(13-9)15-14-10-5-3-2-4-6-10/h2-8,16H,1H3/b15-14+",LOCPVWIREQIGNQ-CCEZHUSRSA-N,nan
Nc1ccc(/N=N/c2ccc(Br)cn2)c(N)c1,3.4239000000000006,2,5,4,89.64999999999999,27,71.3798,True,False,False,False,292.1399999999998,False,False,False,"InChI=1S/C11H10BrN5/c12-7-1-4-11(15-6-7)17-16-10-3-2-8(13)5-9(10)14/h1-6H,13-14H2/b17-16+",XHJGETUGTPYUKU-WUKNDPDISA-N,nan
CCOC(=O)Cc1cccnc1OC(F)(F)F,2.0858,0,4,5,48.42,27,51.25700000000002,True,False,False,False,249.18800000000005,False,False,False,"InChI=1S/C10H10F3NO3/c1-2-16-8(15)6-7-4-3-5-14-9(7)17-10(11,12)13/h3-5H,2,6H2,1H3",SERVDJLJJJKSEO-UHFFFAOYSA-N,nan
CCOC(=O)c1nn(-c2ccccn2)c(O)c1C,1.45802,1,6,6,77.24,31,63.71730000000003,True,False,False,False,247.2540000000001,False,False,False,"InChI=1S/C12H13N3O3/c1-3-18-12(17)10-8(2)11(16)15(14-10)9-6-4-5-7-13-9/h4-7,16H,3H2,1-2H3",VUCMJRFTHXINBB-UHFFFAOYSA-N,nan
CCOC(=O)c1c(Cl)cncc1OC(F)F,2.513100000000001,0,4,5,48.42,24,51.83550000000002,True,False,False,False,251.61600000000004,False,False,False,"InChI=1S/C9H8ClF2NO3/c1-2-15-8(14)7-5(10)3-13-4-6(7)16-9(11)12/h3-4,9H,2H2,1H3",OWEAPIUKAQDBKA-UHFFFAOYSA-N,nan
O/N=C1\c2ccccc2-c2ncccc21,2.2886000000000006,1,3,1,45.48,23,57.09850000000002,True,False,False,False,196.20900000000003,False,False,False,"InChI=1S/C12H8N2O/c15-14-12-9-5-2-1-4-8(9)11-10(12)6-3-7-13-11/h1-7,15H/b14-12+",NWAOQEFDCMNPGW-WYMLVPIESA-N,nan
O=S(=O)(Nc1cccc[n+]1[O-])c1ccccc1,1.1208,1,3,3,73.11,27,62.65250000000003,True,False,False,False,250.27900000000005,False,False,False,"InChI=1S/C11H10N2O3S/c14-13-9-5-4-8-11(13)12-17(15,16)10-6-2-1-3-7-10/h1-9,12H",MEHZLGGQJKOUFF-UHFFFAOYSA-N,nan
CC(C)(O)CNc1cc([N+](=O)[O-])cc[n+]1[O-],0.4109999999999999,2,5,7,102.34,29,56.843900000000026,True,False,False,False,227.2200000000001,False,False,False,"InChI=1S/C9H13N3O4/c1-9(2,13)6-10-8-5-7(12(15)16)3-4-11(8)14/h3-5,10,13H,6H2,1-2H3",MKHKCTCAWXARQK-UHFFFAOYSA-N,nan
COc1ccc(C(=O)/C=C(\O)c2ccccn2)cc1,2.8720000000000008,1,4,6,59.42,32,72.16730000000003,True,False,False,False,255.27300000000008,False,False,False,"InChI=1S/C15H13NO3/c1-19-12-7-5-11(6-8-12)14(17)10-15(18)13-4-2-3-9-16-13/h2-10,18H,1H3/b15-10-",IZQRBODDNGHZPF-GDNBJRDFSA-N,nan
O=c1[nH]cc(/N=C/c2ccncc2)c(=O)[nH]1,0.2087999999999999,2,4,2,90.97,24,59.174400000000006,True,False,False,False,216.20000000000005,False,False,False,"InChI=1S/C10H8N4O2/c15-9-8(6-13-10(16)14-9)12-5-7-1-3-11-4-2-7/h1-6H,(H2,13,14,15,16)/b12-5+",PWLNOGUOVNDJBX-LFYBBSHMSA-N,nan
Cc1cc(C)c2c(n1)nn1c(O)cc(C)nc21,1.90836,1,5,4,63.31,29,64.16380000000002,True,False,False,False,228.2550000000001,False,False,False,"InChI=1S/C12H12N4O/c1-6-4-7(2)13-11-10(6)12-14-8(3)5-9(17)16(12)15-11/h4-5,17H,1-3H3",FVVFPWTXKHZMPR-UHFFFAOYSA-N,nan
CCOC(=O)Cc1cc(Cl)ncc1OC(F)F,2.442000000000001,0,4,6,48.42,27,56.21600000000002,True,False,False,False,265.64299999999974,False,False,False,"InChI=1S/C10H10ClF2NO3/c1-2-16-9(15)4-6-3-8(11)14-5-7(6)17-10(12)13/h3,5,10H,2,4H2,1H3",XUBCIFLGFWNPTM-UHFFFAOYSA-N,nan
Oc1cc(C(F)F)nn1-c1ccncc1,1.9104999999999992,1,4,3,50.940000000000005,22,47.98080000000002,True,False,False,False,211.17100000000005,False,False,False,"InChI=1S/C9H7F2N3O/c10-9(11)7-5-8(15)14(13-7)6-1-3-12-4-2-6/h1-5,9,15H",GWRTYYQUSXRWAH-UHFFFAOYSA-N,nan
c1ccc(-c2nc3cc[nH]cc-3n2)cc1,2.5765,1,2,1,41.57,24,58.44070000000002,True,False,False,False,195.22500000000008,False,False,False,"InChI=1S/C12H9N3/c1-2-4-9(5-3-1)12-14-10-6-7-13-8-11(10)15-12/h1-8,13H",QCCOXRFIKMEZOQ-UHFFFAOYSA-N,nan
O=C(/C=C(\O)c1ccncc1)c1ccc(Cl)cc1,3.5168000000000017,1,3,4,50.19,28,70.62530000000002,True,False,False,False,259.69199999999995,False,False,False,"InChI=1S/C14H10ClNO2/c15-12-3-1-10(2-4-12)13(17)9-14(18)11-5-7-16-8-6-11/h1-9,18H/b14-9-",IJGFZLMBCAGNSB-ZROIWOOFSA-N,nan
Cc1ccc(-c2nnc([C@H]3CC[C@H](CN)CC3)o2)cn1,2.6725200000000013,1,5,5,77.83,40,76.01940000000003,True,False,False,False,272.3519999999997,False,False,False,"InChI=1S/C15H20N4O/c1-10-2-5-13(9-17-10)15-19-18-14(20-15)12-6-3-11(8-16)4-7-12/h2,5,9,11-12H,3-4,6-8,16H2,1H3/t11-,12-",CTFNUOBRMISUAN-HAQNSBGRSA-N,nan
Cc1cc(C)c(C(=O)/N=C/N(C)C)c(N)n1,1.01074,1,3,6,71.58,32,64.63290000000002,True,False,False,False,220.27600000000007,False,False,False,"InChI=1S/C11H16N4O/c1-7-5-8(2)14-10(12)9(7)11(16)13-6-15(3)4/h5-6H,1-4H3,(H2,12,14)/b13-6+",CQRBJOJDOXSYPB-AWNIVKPZSA-N,nan
CCOC(=O)Cc1cc(OC(F)F)ncc1Cl,2.442000000000001,0,4,6,48.42,27,56.21600000000002,True,False,False,False,265.6429999999998,False,False,False,"InChI=1S/C10H10ClF2NO3/c1-2-16-9(15)4-6-3-8(17-10(12)13)14-5-7(6)11/h3,5,10H,2,4H2,1H3",NWGKXCNAVOTRAY-UHFFFAOYSA-N,nan
O=C(O)[C@H]1C[C@](O)(c2cccnc2)C1,0.7638,2,4,3,70.42,25,48.49360000000003,True,False,False,False,193.20200000000008,False,False,False,"InChI=1S/C10H11NO3/c12-9(13)7-4-10(14,5-7)8-2-1-3-11-6-8/h1-3,6-7,14H,4-5H2,(H,12,13)/t7-,10+",ZUNVUCWJGXXNMS-WKFQBHICSA-N,nan
CCOC(=O)Cc1ccncc1OC(F)(F)F,2.0858,0,4,5,48.42,27,51.25700000000002,True,False,False,False,249.188,False,False,False,"InChI=1S/C10H10F3NO3/c1-2-16-9(15)5-7-3-4-14-6-8(7)17-10(11,12)13/h3-4,6H,2,5H2,1H3",JIKFYHXJRMLQCJ-UHFFFAOYSA-N,nan
CCOC(=O)Cc1ccc(OC(F)(F)F)nc1,2.0858000000000003,0,4,5,48.42,27,51.25700000000001,True,False,False,False,249.18800000000005,False,False,False,"InChI=1S/C10H10F3NO3/c1-2-16-9(15)5-7-3-4-8(14-6-7)17-10(11,12)13/h3-4,6H,2,5H2,1H3",IUIBPJDWWFDYDT-UHFFFAOYSA-N,nan
COC(=O)Cc1c(N)ccnc1C(F)(F)F,1.3981,1,4,4,65.21000000000001,25,49.3714,True,False,False,False,234.17700000000005,False,False,False,"InChI=1S/C9H9F3N2O2/c1-16-7(15)4-5-6(13)2-3-14-8(5)9(10,11)12/h2-3H,4H2,1H3,(H2,13,14)",LVDGEOJLDYLGAX-UHFFFAOYSA-N,nan
CCc1nn2c(O)cc(-c3ccccn3)nc2c1C,2.3677200000000003,1,5,5,63.31,33,71.99780000000003,True,False,False,False,254.2930000000001,False,False,False,"InChI=1S/C14H14N4O/c1-3-10-9(2)14-16-12(8-13(19)18(14)17-10)11-6-4-5-7-15-11/h4-8,19H,3H2,1-2H3",ATGKBTJONQDQPF-UHFFFAOYSA-N,nan
Cc1cc(C)c2c(n1)nn1c(=O)cc(C)[nH]c21,1.4960599999999995,1,4,3,63.05,29,65.32470000000002,True,False,False,False,228.2550000000001,False,False,False,"InChI=1S/C12H12N4O/c1-6-4-7(2)13-11-10(6)12-14-8(3)5-9(17)16(12)15-11/h4-5,14H,1-3H3",WHYCQNMVIBVYNH-UHFFFAOYSA-N,nan
CCOC(=O)c1cnc(Cl)c(OC(F)F)c1,2.513100000000001,0,4,5,48.42,24,51.83550000000002,True,False,False,False,251.61600000000004,False,False,False,"InChI=1S/C9H8ClF2NO3/c1-2-15-8(14)5-3-6(16-9(11)12)7(10)13-4-5/h3-4,9H,2H2,1H3",HHVVDVHLRMPMFS-UHFFFAOYSA-N,nan
COc1ccnc(Oc2ccccc2)c1C(=O)/N=C/N(C)C,2.6126000000000005,0,4,7,64.02,39,83.81450000000002,True,False,False,False,299.3299999999997,False,False,False,"InChI=1S/C16H17N3O3/c1-19(2)11-18-15(20)14-13(21-3)9-10-17-16(14)22-12-7-5-4-6-8-12/h4-11H,1-3H3/b18-11+",FAAPSFVMCPMQCT-WOJGMQOQSA-N,nan
CCOC(=O)Cc1cncc(Cl)c1OC(F)F,2.442000000000001,0,4,6,48.42,27,56.21600000000002,True,False,False,False,265.6429999999998,False,False,False,"InChI=1S/C10H10ClF2NO3/c1-2-16-8(15)3-6-4-14-5-7(11)9(6)17-10(12)13/h4-5,10H,2-3H2,1H3",DSDIGGATFKKRIJ-UHFFFAOYSA-N,nan
COC(=O)Cc1cc(OC(F)F)c(Cl)cn1,2.0519,0,4,5,48.42,24,51.59900000000002,True,False,False,False,251.61600000000004,False,False,False,"InChI=1S/C9H8ClF2NO3/c1-15-8(14)3-5-2-7(16-9(11)12)6(10)4-13-5/h2,4,9H,3H2,1H3",JVWJSLSJYFZRSZ-UHFFFAOYSA-N,nan
CCOC(=O)Cc1cc(N)c(C(F)(F)F)cn1,1.7882,1,4,5,65.21000000000001,28,53.988400000000006,True,False,False,False,248.20400000000004,False,False,False,"InChI=1S/C10H11F3N2O2/c1-2-17-9(16)4-6-3-8(14)7(5-15-6)10(11,12)13/h3,5H,2,4H2,1H3,(H2,14,15)",BIYYOKPMGNMMDG-UHFFFAOYSA-N,nan
Cn1cccc/c1=N/c1ccc([N+](=O)[O-])cc1,2.1657,0,4,3,60.42999999999999,28,63.73240000000002,True,False,False,False,229.2390000000001,False,False,False,"InChI=1S/C12H11N3O2/c1-14-9-3-2-4-12(14)13-10-5-7-11(8-6-10)15(16)17/h2-9H,1H3/b13-12-",TVEVGRGTUZEPBQ-SEYXRHQNSA-N,nan
Nc1cc(CC(=O)O)cnc1C(F)(F)F,1.3097000000000003,2,4,3,76.21000000000001,22,44.99119999999999,True,False,False,False,220.15,False,False,False,"InChI=1S/C8H7F3N2O2/c9-8(10,11)7-5(12)1-4(3-13-7)2-6(14)15/h1,3H,2,12H2,(H,14,15)",PBSBHQSAMDBSRO-UHFFFAOYSA-N,nan
COC(=O)Cc1cc(C(F)(F)F)c(N)cn1,1.3981,1,4,4,65.21000000000001,25,49.371400000000015,True,False,False,False,234.17700000000005,False,False,False,"InChI=1S/C9H9F3N2O2/c1-16-8(15)3-5-2-6(9(10,11)12)7(13)4-14-5/h2,4H,3,13H2,1H3",IJLWRZFQJCODKM-UHFFFAOYSA-N,nan
COC(=O)c1nc(Cl)ccc1OC(F)F,2.123,0,4,4,48.42,21,47.21850000000001,True,False,False,False,237.58900000000003,False,False,False,"InChI=1S/C8H6ClF2NO3/c1-14-7(13)6-4(15-8(10)11)2-3-5(9)12-6/h2-3,8H,1H3",LHENPGUZMVPZJV-UHFFFAOYSA-N,nan
COC(=O)Cc1ccncc1OC(F)(F)F,1.6956999999999998,0,4,4,48.42,24,46.640000000000015,True,False,False,False,235.16100000000003,False,False,False,"InChI=1S/C9H8F3NO3/c1-15-8(14)4-6-2-3-13-5-7(6)16-9(10,11)12/h2-3,5H,4H2,1H3",ZVYAWZTXLWHPJS-UHFFFAOYSA-N,nan
CCOC(=O)c1cnc([N+](=O)[O-])c(C(F)(F)F)c1,2.1853,0,5,4,82.33,25,51.849900000000005,True,False,False,False,264.1589999999998,False,False,False,"InChI=1S/C9H7F3N2O4/c1-2-18-8(15)5-3-6(9(10,11)12)7(13-4-5)14(16)17/h3-4H,2H2,1H3",WKIRUGZVHCFETG-UHFFFAOYSA-N,nan
[O-][n+]1ccc(NO)c2ccccc21,1.2743,2,3,2,59.2,21,48.317200000000014,True,False,False,False,176.17500000000004,False,False,False,"InChI=1S/C9H8N2O2/c12-10-8-5-6-11(13)9-4-2-1-3-7(8)9/h1-6,10,12H",XGXCMUKDRZHNCO-UHFFFAOYSA-N,nan
Sc1nc2ccccc2c2nc(-c3cccnc3)nn12,2.628200000000001,1,6,2,55.97,29,78.77100000000002,True,False,False,False,279.3279999999998,False,False,False,"InChI=1S/C14H9N5S/c20-14-16-11-6-2-1-5-10(11)13-17-12(18-19(13)14)9-4-3-7-15-8-9/h1-8H,(H,16,20)",ZDKZWECXGIPGSL-UHFFFAOYSA-N,nan
CCOC(=O)Cc1ccc(OC(F)F)nc1Cl,2.442000000000001,0,4,6,48.42,27,56.216000000000015,True,False,False,False,265.6429999999998,False,False,False,"InChI=1S/C10H10ClF2NO3/c1-2-16-8(15)5-6-3-4-7(14-9(6)11)17-10(12)13/h3-4,10H,2,5H2,1H3",WBDDOPUIQGIRII-UHFFFAOYSA-N,nan
CC(C)(C)OC(=O)N[C@H]1CC[C@H](Nc2ccccn2)CC1,3.329400000000001,2,4,3,63.25,46,83.27340000000005,True,False,False,False,291.3949999999995,False,False,False,"InChI=1S/C16H25N3O2/c1-16(2,3)21-15(20)19-13-9-7-12(8-10-13)18-14-6-4-5-11-17-14/h4-6,11-13H,7-10H2,1-3H3,(H,17,18)(H,19,20)/t12-,13-",PIAGKSDCIJORIY-JOCQHMNTSA-N,nan
Cc1ncc(CO)c(/C=N/C2CCCCCC2)c1O,2.729620000000001,2,4,6,65.71000000000001,41,75.64560000000004,True,False,False,False,262.35299999999995,False,False,False,"InChI=1S/C15H22N2O2/c1-11-15(19)14(12(10-18)8-16-11)9-17-13-6-4-2-3-5-7-13/h8-9,13,18-19H,2-7,10H2,1H3/b17-9+",UCUSVRHEERTRCI-RQZCQDPDSA-N,nan
COC(=O)Cc1ncc(Cl)cc1OC(F)F,2.0519,0,4,5,48.42,24,51.59900000000002,True,False,False,False,251.61600000000004,False,False,False,"InChI=1S/C9H8ClF2NO3/c1-15-8(14)3-6-7(16-9(11)12)2-5(10)4-13-6/h2,4,9H,3H2,1H3",SZHLKKSWLAKNFC-UHFFFAOYSA-N,nan
COC(=O)c1nccc(OC(F)F)c1Cl,2.123,0,4,4,48.42,21,47.21850000000002,True,False,False,False,237.58900000000003,False,False,False,"InChI=1S/C8H6ClF2NO3/c1-14-7(13)6-5(9)4(2-3-12-6)15-8(10)11/h2-3,8H,1H3",BGJFMULCGRMPFS-UHFFFAOYSA-N,nan
CN(C)c1ccc(/N=N/c2ccccn2)cc1,3.563000000000001,0,4,5,40.85,31,69.18200000000003,True,False,False,False,226.2830000000001,False,False,False,"InChI=1S/C13H14N4/c1-17(2)12-8-6-11(7-9-12)15-16-13-5-3-4-10-14-13/h3-10H,1-2H3/b16-15+",IOJNPSPGHUEJAQ-FOCLMDBBSA-N,nan
N#CC(=C(S)S)c1ncc(C(F)(F)F)cc1Cl,3.805580000000001,2,4,3,36.68,21,64.754,True,False,False,False,296.7259999999999,False,False,False,"InChI=1S/C9H4ClF3N2S2/c10-6-1-4(9(11,12)13)3-15-7(6)5(2-14)8(16)17/h1,3,16-17H",PQQYNCMZKTXCBI-UHFFFAOYSA-N,nan
Nc1c2nnc3c(-c4ccccc4)cnn3c2cc[n+]1[O-],1.1601,1,6,2,96.04,31,77.09640000000003,True,False,False,False,278.2749999999998,False,False,False,"InChI=1S/C14H10N6O/c15-13-12-11(6-7-19(13)21)20-14(18-17-12)10(8-16-20)9-4-2-1-3-5-9/h1-8H,15H2",AVUJFLDEDXMAFN-UHFFFAOYSA-N,nan
O/N=C1/c2ccccc2-c2ncccc21,2.2886000000000006,1,3,1,45.48,23,57.09850000000002,True,False,False,False,196.20900000000003,False,False,False,"InChI=1S/C12H8N2O/c15-14-12-9-5-2-1-4-8(9)11-10(12)6-3-7-13-11/h1-7,15H/b14-12-",NWAOQEFDCMNPGW-OWBHPGMISA-N,nan
Clc1nc(NCCc2ccncc2)cc(C2CC2)n1,3.0570000000000013,1,4,5,50.7,34,75.44770000000003,True,False,False,False,274.75499999999965,False,False,False,"InChI=1S/C14H15ClN4/c15-14-18-12(11-1-2-11)9-13(19-14)17-8-5-10-3-6-16-7-4-10/h3-4,6-7,9,11H,1-2,5,8H2,(H,17,18,19)",URNNOTCKEPKCOH-UHFFFAOYSA-N,nan
Nc1cccnc1N[C@H]1CC[C@H](O)CC1,1.3791999999999998,3,4,4,71.17,32,60.53490000000003,True,False,False,False,207.27700000000013,False,False,False,"InChI=1S/C11H17N3O/c12-10-2-1-7-13-11(10)14-8-3-5-9(15)6-4-8/h1-2,7-9,15H,3-6,12H2,(H,13,14)/t8-,9-",JWSBSKBWIYGLQV-KYZUINATSA-N,nan
CCOC(=O)Cc1cc(OC(F)F)cc(Cl)n1,2.442,0,4,6,48.42,27,56.21600000000002,True,False,False,False,265.6429999999998,False,False,False,"InChI=1S/C10H10ClF2NO3/c1-2-16-9(15)4-6-3-7(17-10(12)13)5-8(11)14-6/h3,5,10H,2,4H2,1H3",ASUUBCOAOFJCDH-UHFFFAOYSA-N,nan
Oc1cc(-c2ccccc2)nn1-c1ccccn1,2.6399,1,4,3,50.940000000000005,29,68.45980000000002,True,False,False,False,237.26200000000009,False,False,False,"InChI=1S/C14H11N3O/c18-14-10-12(11-6-2-1-3-7-11)16-17(14)13-8-4-5-9-15-13/h1-10,18H",GHSRLQHTSTVQNM-UHFFFAOYSA-N,nan
CCOC(=O)Cc1cc(N)cc(Br)n1,1.5319,1,4,5,65.21000000000001,25,56.68640000000001,True,False,False,False,259.10299999999995,False,False,False,"InChI=1S/C9H11BrN2O2/c1-2-14-9(13)5-7-3-6(11)4-8(10)12-7/h3-4H,2,5H2,1H3,(H2,11,12)",UGDOXYQNLWYGFM-UHFFFAOYSA-N,nan
O=C(O)Cc1ccc(OC(F)F)nc1Cl,1.9635,1,4,4,59.42,21,47.21880000000001,True,False,False,False,237.58900000000003,False,False,False,"InChI=1S/C8H6ClF2NO3/c9-7-4(3-6(13)14)1-2-5(12-7)15-8(10)11/h1-2,8H,3H2,(H,13,14)",KTNLWSUDTOPODU-UHFFFAOYSA-N,nan
CCOC(=O)Cc1cc(N)c(C#N)cn1,0.6410800000000002,1,5,5,89.0,26,53.701400000000014,True,False,False,False,205.21700000000007,False,False,False,"InChI=1S/C10H11N3O2/c1-2-15-10(14)4-8-3-9(12)7(5-11)6-13-8/h3,6H,2,4H2,1H3,(H2,12,13)",HEKWTHSKTLTXRZ-UHFFFAOYSA-N,nan
CCOC(=O)c1cc(Cl)cnc1OC(F)F,2.513100000000001,0,4,5,48.42,24,51.83550000000002,True,False,False,False,251.61600000000004,False,False,False,"InChI=1S/C9H8ClF2NO3/c1-2-15-8(14)6-3-5(10)4-13-7(6)16-9(11)12/h3-4,9H,2H2,1H3",LJYUERDASWWPOV-UHFFFAOYSA-N,nan
CCOC(=O)Cc1cc(Cl)cnc1OC(F)F,2.442000000000001,0,4,6,48.42,27,56.21600000000002,True,False,False,False,265.64299999999974,False,False,False,"InChI=1S/C10H10ClF2NO3/c1-2-16-8(15)4-6-3-7(11)5-14-9(6)17-10(12)13/h3,5,10H,2,4H2,1H3",GLJURURUJVFDLW-UHFFFAOYSA-N,nan
Oc1c(-n2cncn2)cnn1-c1cccc(F)n1,0.6926999999999998,1,7,3,81.64999999999999,25,57.89880000000001,True,False,False,False,246.20500000000004,False,False,False,"InChI=1S/C10H7FN6O/c11-8-2-1-3-9(15-8)17-10(18)7(4-13-17)16-6-12-5-14-16/h1-6,18H",CJPHPVYAGVERJF-UHFFFAOYSA-N,nan
CCOC(=O)c1cc(C)cc2cccnc12,2.719920000000001,0,3,4,39.19,29,62.43650000000002,True,False,False,False,215.2520000000001,False,False,False,"InChI=1S/C13H13NO2/c1-3-16-13(15)11-8-9(2)7-10-5-4-6-14-12(10)11/h4-8H,3H2,1-2H3",IIGULRYZRCDVCE-UHFFFAOYSA-N,nan
COC(=O)Cc1ccc(OC(F)F)nc1Cl,2.0519,0,4,5,48.42,24,51.59900000000002,True,False,False,False,251.61600000000004,False,False,False,"InChI=1S/C9H8ClF2NO3/c1-15-7(14)4-5-2-3-6(13-8(5)10)16-9(11)12/h2-3,9H,4H2,1H3",VDNGYIMJJCRUQG-UHFFFAOYSA-N,nan
CCOC(=O)Cc1ncc(Cl)cc1OC(F)F,2.442000000000001,0,4,6,48.42,27,56.21600000000002,True,False,False,False,265.6429999999998,False,False,False,"InChI=1S/C10H10ClF2NO3/c1-2-16-9(15)4-7-8(17-10(12)13)3-6(11)5-14-7/h3,5,10H,2,4H2,1H3",ZTVAELVLCLXEDP-UHFFFAOYSA-N,nan
CCOC(=O)Cc1ccnc(OC(F)(F)F)c1,2.0858,0,4,5,48.42,27,51.25700000000001,True,False,False,False,249.188,False,False,False,"InChI=1S/C10H10F3NO3/c1-2-16-9(15)6-7-3-4-14-8(5-7)17-10(11,12)13/h3-5H,2,6H2,1H3",LVVVUEMKBJGLDK-UHFFFAOYSA-N,nan
COC(=O)Cc1cnc(OC(F)F)c(Cl)c1,2.0519,0,4,5,48.42,24,51.59900000000002,True,False,False,False,251.61600000000004,False,False,False,"InChI=1S/C9H8ClF2NO3/c1-15-7(14)3-5-2-6(10)8(13-4-5)16-9(11)12/h2,4,9H,3H2,1H3",QAXCZAHAZPAYSW-UHFFFAOYSA-N,nan
COc1ccc(-n2nc3c4ccccc4[nH]cc-3c2=O)cc1,2.8272000000000004,1,4,3,59.91,35,84.86470000000001,True,False,False,False,291.3099999999998,False,False,False,"InChI=1S/C17H13N3O2/c1-22-12-8-6-11(7-9-12)20-17(21)14-10-18-15-5-3-2-4-13(15)16(14)19-20/h2-10,18H,1H3",KSKRJZMRHSNRBX-UHFFFAOYSA-N,nan
COC(=O)Cc1cccnc1OC(F)(F)F,1.6956999999999998,0,4,4,48.42,24,46.640000000000015,True,False,False,False,235.16100000000003,False,False,False,"InChI=1S/C9H8F3NO3/c1-15-7(14)5-6-3-2-4-13-8(6)16-9(10,11)12/h2-4H,5H2,1H3",BJUOEPDSNDKBRQ-UHFFFAOYSA-N,nan
CCOC(=O)c1cc(OC(F)F)ncc1Cl,2.513100000000001,0,4,5,48.42,24,51.83550000000002,True,False,False,False,251.61600000000004,False,False,False,"InChI=1S/C9H8ClF2NO3/c1-2-15-8(14)5-3-7(16-9(11)12)13-4-6(5)10/h3-4,9H,2H2,1H3",IWRTWLKDQSYHDY-UHFFFAOYSA-N,nan
O=C(O)c1cc2c(ccc3cccnc32)cc1O,2.7918000000000007,2,4,2,70.42,27,67.87310000000002,True,False,False,False,239.23000000000005,False,False,False,"InChI=1S/C14H9NO3/c16-12-6-9-4-3-8-2-1-5-15-13(8)10(9)7-11(12)14(17)18/h1-7,16H,(H,17,18)",FVFWSGJPONGKAV-UHFFFAOYSA-N,nan
CCOC(=O)Cc1nc(Cl)ccc1OC(F)F,2.442000000000001,0,4,6,48.42,27,56.21600000000002,True,False,False,False,265.6429999999998,False,False,False,"InChI=1S/C10H10ClF2NO3/c1-2-16-9(15)5-6-7(17-10(12)13)3-4-8(11)14-6/h3-4,10H,2,5H2,1H3",NSXKUDBBURSICD-UHFFFAOYSA-N,nan
COC(=O)c1ccnc(OC(F)F)c1Cl,2.123,0,4,4,48.42,21,47.21850000000001,True,False,False,False,237.58900000000003,False,False,False,"InChI=1S/C8H6ClF2NO3/c1-14-7(13)4-2-3-12-6(5(4)9)15-8(10)11/h2-3,8H,1H3",WUHXWONFTPSXAB-UHFFFAOYSA-N,nan
COCc1cc(O)n2ncc(-c3ccccn3)c2n1,1.6433,1,6,5,72.54,31,68.59580000000003,True,False,False,False,256.2650000000001,False,False,False,"InChI=1S/C13H12N4O2/c1-19-8-9-6-12(18)17-13(16-9)10(7-15-17)11-4-2-3-5-14-11/h2-7,18H,8H2,1H3",BKOTVELYXDDLMD-UHFFFAOYSA-N,nan
CN(C)/C=N/c1ccc(Br)cn1,2.0655,0,2,3,28.49,22,53.776000000000025,True,False,False,False,228.09300000000007,False,False,False,"InChI=1S/C8H10BrN3/c1-12(2)6-11-8-4-3-7(9)5-10-8/h3-6H,1-2H3/b11-6+",KLPIAUFTPZZJFX-IZZDOVSWSA-N,nan
CCOC(=O)Cc1cc(OC(F)F)cnc1Cl,2.442,0,4,6,48.42,27,56.21600000000002,True,False,False,False,265.6429999999998,False,False,False,"InChI=1S/C10H10ClF2NO3/c1-2-16-8(15)4-6-3-7(17-10(12)13)5-14-9(6)11/h3,5,10H,2,4H2,1H3",SGVYPRYBVZNADJ-UHFFFAOYSA-N,nan
Cc1ccc(Nc2nc3c(c(=O)[nH]2)CCCC3)nc1,2.09572,2,4,3,70.67,35,73.75640000000003,True,False,False,False,256.30900000000014,False,False,False,"InChI=1S/C14H16N4O/c1-9-6-7-12(15-8-9)17-14-16-11-5-3-2-4-10(11)13(19)18-14/h6-8H,2-5H2,1H3,(H2,15,16,17,18,19)",FCWFBSFEJGLVBW-UHFFFAOYSA-N,nan
Cn1c(/C=C/c2ccncc2)c([N+](=O)[O-])c(=O)n(C)c1=O,0.5576,0,7,5,100.03,33,76.74340000000001,True,False,False,False,288.2629999999997,False,False,False,"InChI=1S/C13H12N4O4/c1-15-10(4-3-9-5-7-14-8-6-9)11(17(20)21)12(18)16(2)13(15)19/h3-8H,1-2H3/b4-3+",KBODQULAMCOJNP-ONEGZZNKSA-N,nan
CCOC(=O)Cc1ccc(Cl)c(OC(F)F)n1,2.442,0,4,6,48.42,27,56.21600000000002,True,False,False,False,265.6429999999998,False,False,False,"InChI=1S/C10H10ClF2NO3/c1-2-16-8(15)5-6-3-4-7(11)9(14-6)17-10(12)13/h3-4,10H,2,5H2,1H3",WUDQWZBUNRTXKN-UHFFFAOYSA-N,nan
CCOC(=O)Cc1cnc(N)c(C(F)(F)F)c1,1.7882,1,4,5,65.21,28,53.988400000000006,True,False,False,False,248.2040000000001,False,False,False,"InChI=1S/C10H11F3N2O2/c1-2-17-8(16)4-6-3-7(10(11,12)13)9(14)15-5-6/h3,5H,2,4H2,1H3,(H2,14,15)",WDYDAJMCOURVNL-UHFFFAOYSA-N,nan
CCOC(=O)Cc1nc(OC(F)F)ccc1Cl,2.442,0,4,6,48.42,27,56.21600000000002,True,False,False,False,265.6429999999998,False,False,False,"InChI=1S/C10H10ClF2NO3/c1-2-16-9(15)5-7-6(11)3-4-8(14-7)17-10(12)13/h3-4,10H,2,5H2,1H3",FZWGLUODTMKONM-UHFFFAOYSA-N,nan
COC(=O)Cc1cccc(OC(F)(F)F)n1,1.6957,0,4,4,48.42,24,46.64000000000001,True,False,False,False,235.16100000000003,False,False,False,"InChI=1S/C9H8F3NO3/c1-15-8(14)5-6-3-2-4-7(13-6)16-9(10,11)12/h2-4H,5H2,1H3",PKRZXLGQNGMECQ-UHFFFAOYSA-N,nan
CCOC(=O)c1ccc(Cl)c(OC(F)F)n1,2.513100000000001,0,4,5,48.42,24,51.83550000000002,True,False,False,False,251.616,False,False,False,"InChI=1S/C9H8ClF2NO3/c1-2-15-8(14)6-4-3-5(10)7(13-6)16-9(11)12/h3-4,9H,2H2,1H3",MRWGNRGZSKPRPY-UHFFFAOYSA-N,nan
COC(=O)Cc1cc(OC(F)F)cc(Cl)n1,2.0519,0,4,5,48.42,24,51.59900000000002,True,False,False,False,251.61600000000004,False,False,False,"InChI=1S/C9H8ClF2NO3/c1-15-8(14)3-5-2-6(16-9(11)12)4-7(10)13-5/h2,4,9H,3H2,1H3",GKESQPSECBOPSI-UHFFFAOYSA-N,nan
O=C(O)Cc1nc(Cl)ccc1OC(F)F,1.9635,1,4,4,59.42,21,47.218800000000016,True,False,False,False,237.58900000000003,False,False,False,"InChI=1S/C8H6ClF2NO3/c9-6-2-1-5(15-8(10)11)4(12-6)3-7(13)14/h1-2,8H,3H2,(H,13,14)",ZAQDJOBARQIJBS-UHFFFAOYSA-N,nan
N#Cc1ccnc(O[C@H]2CC[C@H](N)CC2)c1,1.60198,1,4,3,71.92999999999999,31,59.81140000000003,True,False,False,False,217.2720000000001,False,False,False,"InChI=1S/C12H15N3O/c13-8-9-5-6-15-12(7-9)16-11-3-1-10(14)2-4-11/h5-7,10-11H,1-4,14H2/t10-,11-",PWBGRESZOUBFPR-XYPYZODXSA-N,nan
CCOC(=O)c1cc(Cl)ncc1OC(F)F,2.513100000000001,0,4,5,48.42,24,51.83550000000002,True,False,False,False,251.61600000000004,False,False,False,"InChI=1S/C9H8ClF2NO3/c1-2-15-8(14)5-3-7(10)13-4-6(5)16-9(11)12/h3-4,9H,2H2,1H3",USPHJZXIMBHTRC-UHFFFAOYSA-N,nan
CCOC(=O)Cc1ncc(N)cc1Br,1.5318999999999998,1,4,5,65.21,25,56.68640000000001,True,False,False,False,259.103,False,False,False,"InChI=1S/C9H11BrN2O2/c1-2-14-9(13)4-8-7(10)3-6(11)5-12-8/h3,5H,2,4,11H2,1H3",GKEZHTFGKPLMSV-UHFFFAOYSA-N,nan
Oc1c(-n2cncn2)cnn1-c1cccc(Cl)n1,1.2069999999999996,1,7,3,81.64999999999999,25,62.950800000000015,True,False,False,False,262.65999999999985,False,False,False,"InChI=1S/C10H7ClN6O/c11-8-2-1-3-9(15-8)17-10(18)7(4-13-17)16-6-12-5-14-16/h1-6,18H",HHLRSOCQMFNGAB-UHFFFAOYSA-N,nan
COC(=O)Cc1ccc(OC(F)F)c(Cl)n1,2.0519,0,4,5,48.42,24,51.59900000000002,True,False,False,False,251.61600000000004,False,False,False,"InChI=1S/C9H8ClF2NO3/c1-15-7(14)4-5-2-3-6(8(10)13-5)16-9(11)12/h2-3,9H,4H2,1H3",VFQZXZQMUXELBP-UHFFFAOYSA-N,nan
COC(=O)Cc1ccc(Cl)c(OC(F)F)n1,2.0519,0,4,5,48.42,24,51.59900000000002,True,False,False,False,251.61600000000004,False,False,False,"InChI=1S/C9H8ClF2NO3/c1-15-7(14)4-5-2-3-6(10)8(13-5)16-9(11)12/h2-3,9H,4H2,1H3",PZBXLNQNBLXXCI-UHFFFAOYSA-N,nan
COC(=O)c1cnc(Cl)c(OC(F)F)c1,2.123,0,4,4,48.42,21,47.21850000000001,True,False,False,False,237.58900000000003,False,False,False,"InChI=1S/C8H6ClF2NO3/c1-14-7(13)4-2-5(15-8(10)11)6(9)12-3-4/h2-3,8H,1H3",QFXFSWFVYLREOP-UHFFFAOYSA-N,nan
Cc1ccc(C(=O)/C=C(\O)c2ccncc2)cc1C,3.480240000000002,1,3,6,50.19,34,75.08930000000004,True,False,False,False,253.3010000000001,False,False,False,"InChI=1S/C16H15NO2/c1-11-3-4-14(9-12(11)2)16(19)10-15(18)13-5-7-17-8-6-13/h3-10,18H,1-2H3/b15-10-",OUZAZSXNSILXAC-GDNBJRDFSA-N,nan
N#Cc1cccc(/C=N/c2ccc(Cl)cc2)n1,3.357280000000002,0,3,2,49.04,25,67.65800000000003,True,False,False,False,241.68100000000004,False,False,False,"InChI=1S/C13H8ClN3/c14-10-4-6-11(7-5-10)16-9-13-3-1-2-12(8-15)17-13/h1-7,9H/b16-9+",LJZCNYQDQRXMGM-CXUHLZMHSA-N,nan
COC(=O)Cc1cncc(OC(F)(F)F)c1,1.6957,0,4,4,48.42,24,46.64000000000001,True,False,False,False,235.16100000000003,False,False,False,"InChI=1S/C9H8F3NO3/c1-15-8(14)3-6-2-7(5-13-4-6)16-9(10,11)12/h2,4-5H,3H2,1H3",IKBXXZFRNFNAIY-UHFFFAOYSA-N,nan
CCC(CC)C(=O)Nc1cccn2ncnc12,2.104,1,4,6,59.290000000000006,33,65.68870000000003,True,False,False,False,232.28700000000012,False,False,False,"InChI=1S/C12H16N4O/c1-3-9(4-2)12(17)15-10-6-5-7-16-11(10)13-8-14-16/h5-9H,3-4H2,1-2H3,(H,15,17)",MMELMWHHVUZLMR-UHFFFAOYSA-N,nan
COC(=O)c1ccc(Cl)c(OC(F)F)n1,2.123,0,4,4,48.42,21,47.21850000000001,True,False,False,False,237.58900000000003,False,False,False,"InChI=1S/C8H6ClF2NO3/c1-14-7(13)5-3-2-4(9)6(12-5)15-8(10)11/h2-3,8H,1H3",HTCQIZOTYKQBIY-UHFFFAOYSA-N,nan
Nc1ncccc1/N=C/c1ccccc1,2.4144000000000005,1,3,3,51.27,26,62.345400000000026,True,False,False,False,197.24100000000007,False,False,False,"InChI=1S/C12H11N3/c13-12-11(7-4-8-14-12)15-9-10-5-2-1-3-6-10/h1-9H,(H2,13,14)/b15-9+",KALDJMVBXSDADO-OQLLNIDSSA-N,nan
Nc1ccc(/N=N/c2ccc(Cl)cn2)c(N)c1,3.314800000000001,2,5,4,89.64999999999999,27,68.6898,True,False,False,False,247.68900000000008,False,False,False,"InChI=1S/C11H10ClN5/c12-7-1-4-11(15-6-7)17-16-10-3-2-8(13)5-9(10)14/h1-6H,13-14H2/b17-16+",WLNTVTDTBKPTCA-WUKNDPDISA-N,nan
O=c1[nH]c(Nc2ccccn2)nc2c1CCCC2,1.7873,2,4,2,70.67,32,69.01940000000002,True,False,False,False,242.2820000000001,False,False,False,"InChI=1S/C13H14N4O/c18-12-9-5-1-2-6-10(9)15-13(17-12)16-11-7-3-4-8-14-11/h3-4,7-8H,1-2,5-6H2,(H2,14,15,16,17,18)",ZPUTWUPXTMXAKR-UHFFFAOYSA-N,nan
CC(=CC(=O)c1ccc(F)cc1)Nc1ccc(Cl)cn1,4.072700000000002,1,3,5,41.99,32,77.35720000000003,True,False,False,False,290.72499999999974,False,False,False,"InChI=1S/C15H12ClFN2O/c1-10(19-15-7-4-12(16)9-18-15)8-14(20)11-2-5-13(17)6-3-11/h2-9H,1H3,(H,18,19)",MEEIMZSMZKAAOS-UHFFFAOYSA-N,nan
O=C(O)Cc1ncc(OC(F)F)cc1Cl,1.9635,1,4,4,59.42,21,47.218800000000016,True,False,False,False,237.58900000000003,False,False,False,"InChI=1S/C8H6ClF2NO3/c9-5-1-4(15-8(10)11)3-12-6(5)2-7(13)14/h1,3,8H,2H2,(H,13,14)",WJDVVNOLDDSTRB-UHFFFAOYSA-N,nan
COC(=O)c1cc(OC(F)F)cc(Cl)n1,2.123,0,4,4,48.42,21,47.21850000000001,True,False,False,False,237.58900000000003,False,False,False,"InChI=1S/C8H6ClF2NO3/c1-14-7(13)5-2-4(15-8(10)11)3-6(9)12-5/h2-3,8H,1H3",VARADGMCOGWMRT-UHFFFAOYSA-N,nan
CCOC(=O)Cc1cnc(OC(F)F)c(Cl)c1,2.442,0,4,6,48.42,27,56.21600000000002,True,False,False,False,265.6429999999998,False,False,False,"InChI=1S/C10H10ClF2NO3/c1-2-16-8(15)4-6-3-7(11)9(14-5-6)17-10(12)13/h3,5,10H,2,4H2,1H3",OSVXUFWNNJRQJE-UHFFFAOYSA-N,nan
[2H]c1nc([2H])c([13CH]2[13CH2]CCN2C)c([2H])c1[2H],1.8483,0,2,2,16.130000000000003,26,48.84200000000003,True,False,False,False,168.24511679200006,False,False,False,"InChI=1S/C10H14N2/c1-12-7-3-5-10(12)9-4-2-6-11-8-9/h2,4,6,8,10H,3,5,7H2,1H3/i2D,4D,5+1,6D,8D,10+1",SNICXCGAKADSCV-FILCHRTGSA-N,nan
COC(=O)Cc1cc(OC(F)(F)F)ccn1,1.6956999999999998,0,4,4,48.42,24,46.640000000000015,True,False,False,False,235.16100000000003,False,False,False,"InChI=1S/C9H8F3NO3/c1-15-8(14)5-6-4-7(2-3-13-6)16-9(10,11)12/h2-4H,5H2,1H3",BVDMONUEQFRYSL-UHFFFAOYSA-N,nan
CCOC(=O)Cc1ccnc(N)c1C#N,0.6410800000000001,1,5,5,89.0,26,53.701400000000014,True,False,False,False,205.21700000000007,False,False,False,"InChI=1S/C10H11N3O2/c1-2-15-9(14)5-7-3-4-13-10(12)8(7)6-11/h3-4H,2,5H2,1H3,(H2,12,13)",SKJVGSMOGPQGOA-UHFFFAOYSA-N,nan
Oc1cccc2ccc3cccnc3c12,3.093600000000001,1,2,1,33.120000000000005,24,60.91380000000003,True,False,False,False,195.2210000000001,False,False,False,"InChI=1S/C13H9NO/c15-11-5-1-3-9-6-7-10-4-2-8-14-13(10)12(9)11/h1-8,15H",KESRRRLHHXXBRW-UHFFFAOYSA-N,nan
O=[N+]([O-])c1ccc(/C=N/c2cccnc2Cl)cc1,3.393800000000001,0,4,3,68.39,26,69.59740000000002,True,False,False,False,261.6679999999999,False,False,False,InChI=1S/C12H8ClN3O2/c13-12-11(2-1-7-14-12)15-8-9-3-5-10(6-4-9)16(17)18/h1-8H/b15-8+,TZYRBGOSRXLARY-OVCLIPMQSA-N,nan
CN(C)/C=N/C(=O)c1ncc(C(F)(F)F)cc1Cl,2.4839,0,2,3,45.56,27,60.75850000000001,True,False,False,False,279.6489999999998,False,False,False,"InChI=1S/C10H9ClF3N3O/c1-17(2)5-16-9(18)8-7(11)3-6(4-15-8)10(12,13)14/h3-5H,1-2H3/b16-5+",GTUVKKOPQGAKDS-FZSIALSZSA-N,nan
CN(C)/C=N/C(=O)/C(C#N)=C/c1ccncc1,1.10508,0,3,4,69.35,29,65.01300000000002,True,False,False,False,228.25500000000008,False,False,False,"InChI=1S/C12H12N4O/c1-16(2)9-15-12(17)11(8-13)7-10-3-5-14-6-4-10/h3-7,9H,1-2H3/b11-7+,15-9+",WSAZBRHWGBAWSO-BIUQSXLLSA-N,nan
CCOC(=O)c1cnn(-c2cccc(Cl)n2)c1O,1.8029999999999995,1,6,5,77.24,28,63.99030000000002,True,False,False,False,267.6719999999998,False,False,False,"InChI=1S/C11H10ClN3O3/c1-2-18-11(17)7-6-13-15(10(7)16)9-5-3-4-8(12)14-9/h3-6,16H,2H2,1H3",GJPPKUUTHRMSRZ-UHFFFAOYSA-N,nan
COc1ccc(O)c(/C=N/c2cc(C)ccn2)c1,2.854820000000001,1,4,6,54.71,32,70.88680000000002,True,False,False,False,242.27800000000008,False,False,False,"InChI=1S/C14H14N2O2/c1-10-5-6-15-14(7-10)16-9-11-8-12(18-2)3-4-13(11)17/h3-9,17H,1-2H3/b16-9+",OZIVLNXCGFAGSQ-CXUHLZMHSA-N,nan
COC(=O)Cc1nccc(N)c1C(F)(F)F,1.3981,1,4,4,65.21,25,49.3714,True,False,False,False,234.17700000000005,False,False,False,"InChI=1S/C9H9F3N2O2/c1-16-7(15)4-6-8(9(10,11)12)5(13)2-3-14-6/h2-3H,4H2,1H3,(H2,13,14)",BFKIGAPKRUNFBU-UHFFFAOYSA-N,nan
Cc1cc(O)n2nc3ncccc3c2n1,1.2915199999999996,1,5,2,63.31,23,54.68980000000003,True,False,False,False,200.20100000000008,False,False,False,"InChI=1S/C10H8N4O/c1-6-5-8(15)14-10(12-6)7-3-2-4-11-9(7)13-14/h2-5,15H,1H3",QTELUGBYZDUEEA-UHFFFAOYSA-N,nan
CCCc1cc(O)n(-c2ccncc2)n1,1.9254,1,4,5,50.94,28,57.018800000000034,True,False,False,False,203.2450000000001,False,False,False,"InChI=1S/C11H13N3O/c1-2-3-9-8-11(15)14(13-9)10-4-6-12-7-5-10/h4-8,15H,2-3H2,1H3",JHOMFUVETWXBOR-UHFFFAOYSA-N,nan
O=C(/C=C(\O)c1ccccn1)c1ccccc1,2.8634000000000013,1,3,4,50.19,28,65.61530000000003,True,False,False,False,225.24700000000007,False,False,False,"InChI=1S/C14H11NO2/c16-13(11-6-2-1-3-7-11)10-14(17)12-8-4-5-9-15-12/h1-10,17H/b14-10-",LLQYWXFHYXVLLS-UVTDQMKNSA-N,nan
N#C/N=C1\SCCN1Cc1ccc(Cl)nc1,2.12088,0,4,2,52.28,25,65.16300000000001,True,False,False,False,252.73000000000008,False,False,False,"InChI=1S/C10H9ClN4S/c11-9-2-1-8(5-13-9)6-15-3-4-16-10(15)14-7-12/h1-2,5H,3-4,6H2/b14-10-",HOKKPVIRMVDYPB-UVTDQMKNSA-N,nan
O=S1(=O)CC(O)C(/N=C/c2ccncc2)C1,-0.3416000000000008,1,5,3,79.62,28,60.27960000000003,True,False,False,False,240.28400000000008,False,False,False,"InChI=1S/C10H12N2O3S/c13-10-7-16(14,15)6-9(10)12-5-8-1-3-11-4-2-8/h1-5,9-10,13H,6-7H2/b12-5+",SEZXBODEVJMBTD-LFYBBSHMSA-N,nan
O=C(O)Cc1cc(OC(F)F)cc(Cl)n1,1.9635,1,4,4,59.42,21,47.21880000000001,True,False,False,False,237.58900000000003,False,False,False,"InChI=1S/C8H6ClF2NO3/c9-6-3-5(15-8(10)11)1-4(12-6)2-7(13)14/h1,3,8H,2H2,(H,13,14)",GVNVYMYFYUANAG-UHFFFAOYSA-N,nan
N[C@H]1CC[C@H](Oc2ccc3ccccc3n2)CC1,2.883500000000001,1,3,3,48.14,36,72.60240000000003,True,False,False,False,242.3220000000001,False,False,False,"InChI=1S/C15H18N2O/c16-12-6-8-13(9-7-12)18-15-10-5-11-3-1-2-4-14(11)17-15/h1-5,10,12-13H,6-9,16H2/t12-,13-",ZGEGSFCRVKVTGR-JOCQHMNTSA-N,nan
COc1ccc(/N=C/c2ccc(Cl)s2)cn1,3.5557000000000016,0,4,4,34.480000000000004,25,67.37200000000003,True,False,False,False,252.72600000000008,False,False,False,"InChI=1S/C11H9ClN2OS/c1-15-11-5-2-8(6-14-11)13-7-9-3-4-10(12)16-9/h2-7H,1H3/b13-7+",WPENOOVXCCFKMJ-NTUHNPAUSA-N,nan
CC(C)(C)[SiH2]c1cnccc1NC(=O)C(C)(C)C,2.0786999999999995,1,2,2,41.99,42,80.21470000000004,True,False,False,False,264.44499999999994,False,False,False,"InChI=1S/C14H24N2OSi/c1-13(2,3)12(17)16-10-7-8-15-9-11(10)18-14(4,5)6/h7-9H,18H2,1-6H3,(H,15,16,17)",UKWNWTGNGHHHQR-UHFFFAOYSA-N,nan
CCOC(=O)c1cc(O)n(-c2ccccn2)n1,1.1495999999999995,1,6,5,77.24,28,58.98030000000002,True,False,False,False,233.2270000000001,False,False,False,"InChI=1S/C11H11N3O3/c1-2-17-11(16)8-7-10(15)14(13-8)9-5-3-4-6-12-9/h3-7,15H,2H2,1H3",DVABEHVXMNDOPF-UHFFFAOYSA-N,nan
COC(=O)Cc1nc(Cl)ccc1OC(F)F,2.0519,0,4,5,48.42,24,51.59900000000002,True,False,False,False,251.61600000000004,False,False,False,"InChI=1S/C9H8ClF2NO3/c1-15-8(14)4-5-6(16-9(11)12)2-3-7(10)13-5/h2-3,9H,4H2,1H3",SBGDOSQJPHFKAG-UHFFFAOYSA-N,nan
COC(=O)Cc1ccnc(OC(F)(F)F)c1,1.6957,0,4,4,48.42,24,46.64000000000001,True,False,False,False,235.16100000000003,False,False,False,"InChI=1S/C9H8F3NO3/c1-15-8(14)5-6-2-3-13-7(4-6)16-9(10,11)12/h2-4H,5H2,1H3",DLOFEMYITMDHQX-UHFFFAOYSA-N,nan
N[C@H]1CC[C@H](Nc2ccccn2)CC1,1.7634,2,3,3,50.94,31,58.091100000000026,True,False,False,False,191.27800000000013,False,False,False,"InChI=1S/C11H17N3/c12-9-4-6-10(7-5-9)14-11-3-1-2-8-13-11/h1-3,8-10H,4-7,12H2,(H,13,14)/t9-,10-",QQJKATBTUNOFBF-MGCOHNPYSA-N,nan
CCOC(=O)c1cc([N+](=O)[O-])ncc1C(F)(F)F,2.1853,0,5,4,82.33,25,51.84990000000001,True,False,False,False,264.1589999999998,False,False,False,"InChI=1S/C9H7F3N2O4/c1-2-18-8(15)5-3-7(14(16)17)13-4-6(5)9(10,11)12/h3-4H,2H2,1H3",LYHUQTISSRGWRX-UHFFFAOYSA-N,nan
CN(C)/C=N/c1ccc(Cl)cn1,1.9564,0,2,3,28.49,22,51.08600000000003,True,False,False,False,183.64200000000008,False,False,False,"InChI=1S/C8H10ClN3/c1-12(2)6-11-8-4-3-7(9)5-10-8/h3-6H,1-2H3/b11-6+",NRADUXZAWBQICJ-IZZDOVSWSA-N,nan
Oc1cc(C2CC2)nn1-c1ccncc1,1.8503,1,4,3,50.940000000000005,26,54.99880000000002,True,False,False,False,201.2290000000001,False,False,False,"InChI=1S/C11H11N3O/c15-11-7-10(8-1-2-8)13-14(11)9-3-5-12-6-4-9/h3-8,15H,1-2H2",REFIXAHMZBFYOS-UHFFFAOYSA-N,nan
CCOC(=O)Cc1ccc2cc[nH]c2n1,1.6685,1,3,4,54.98,27,56.430700000000016,True,False,False,False,204.2290000000001,False,False,False,"InChI=1S/C11H12N2O2/c1-2-15-10(14)7-9-4-3-8-5-6-12-11(8)13-9/h3-6H,2,7H2,1H3,(H,12,13)",QVKDOQWYGKJYNZ-UHFFFAOYSA-N,nan
COC(=O)Cc1cc(Cl)ncc1OC(F)F,2.0519,0,4,5,48.42,24,51.59900000000002,True,False,False,False,251.61600000000004,False,False,False,"InChI=1S/C9H8ClF2NO3/c1-15-8(14)3-5-2-7(10)13-4-6(5)16-9(11)12/h2,4,9H,3H2,1H3",VMPDEYZJOGLDAI-UHFFFAOYSA-N,nan
Sc1nc2ccccc2c2nc(-c3ccncc3)nn12,2.628200000000001,1,6,2,55.97,29,78.77100000000002,True,False,False,False,279.3279999999998,False,False,False,"InChI=1S/C14H9N5S/c20-14-16-11-4-2-1-3-10(11)13-17-12(18-19(13)14)9-5-7-15-8-6-9/h1-8H,(H,16,20)",NFTWXJKYHTUVKD-UHFFFAOYSA-N,nan
Cc1[nH]c(=O)[nH]c(=O)c1/C=N\NC(=O)c1cccnc1,-0.4694799999999999,3,5,4,120.07,31,71.7176,True,False,False,False,273.2519999999998,False,False,False,"InChI=1S/C12H11N5O3/c1-7-9(11(19)16-12(20)15-7)6-14-17-10(18)8-3-2-4-13-5-8/h2-6H,1H3,(H,17,18)(H2,15,16,19,20)/b14-6-",KXHCVIMCFMVBJY-NSIKDUERSA-N,nan
COC(=O)Cc1nc(OC(F)F)ccc1Cl,2.0519,0,4,5,48.42,24,51.59900000000002,True,False,False,False,251.61600000000004,False,False,False,"InChI=1S/C9H8ClF2NO3/c1-15-8(14)4-6-5(10)2-3-7(13-6)16-9(11)12/h2-3,9H,4H2,1H3",OZTWWKXGGWJRFN-UHFFFAOYSA-N,nan
CN(C)C1CS(=O)(=O)CC1/N=C/c1ccncc1,0.2277000000000009,0,5,5,62.63,35,71.74780000000004,True,False,False,False,267.3539999999998,False,False,False,"InChI=1S/C12H17N3O2S/c1-15(2)12-9-18(16,17)8-11(12)14-7-10-3-5-13-6-4-10/h3-7,11-12H,8-9H2,1-2H3/b14-7+",QHFYDHHMVMOJNE-VGOFMYFVSA-N,nan
COC(=O)Cc1ccc(Cl)nc1OC(F)F,2.0519,0,4,5,48.42,24,51.59900000000002,True,False,False,False,251.61600000000004,False,False,False,"InChI=1S/C9H8ClF2NO3/c1-15-7(14)4-5-2-3-6(10)13-8(5)16-9(11)12/h2-3,9H,4H2,1H3",SKLXERRCRCAFKW-UHFFFAOYSA-N,nan
Oc1cc(C(F)(F)F)nn1-c1ccc(Cl)cn1,2.6451,1,4,2,50.940000000000005,22,53.03580000000001,True,False,False,False,263.6059999999999,False,False,False,"InChI=1S/C9H5ClF3N3O/c10-5-1-2-7(14-4-5)16-8(17)3-6(15-16)9(11,12)13/h1-4,17H",XNRNAJDRDSBXLL-UHFFFAOYSA-N,nan
CCOC(=O)Cc1cc(N)cnc1C,1.07782,1,4,6,65.21000000000001,28,53.72340000000002,True,False,False,False,194.2340000000001,False,False,False,"InChI=1S/C10H14N2O2/c1-3-14-10(13)5-8-4-9(11)6-12-7(8)2/h4,6H,3,5,11H2,1-2H3",UKCVBEBKOYRWFJ-UHFFFAOYSA-N,nan
O=C(/C=C(\O)c1ccncc1)c1ccc(F)cc1,3.0025000000000013,1,3,4,50.19,28,65.57330000000002,True,False,False,False,243.23700000000005,False,False,False,"InChI=1S/C14H10FNO2/c15-12-3-1-10(2-4-12)13(17)9-14(18)11-5-7-16-8-6-11/h1-9,18H/b14-9-",FJEXRVHEAMTINJ-ZROIWOOFSA-N,nan
COC(=O)c1cc(OC(F)F)ncc1Cl,2.123,0,4,4,48.42,21,47.21850000000001,True,False,False,False,237.58900000000003,False,False,False,"InChI=1S/C8H6ClF2NO3/c1-14-7(13)4-2-6(15-8(10)11)12-3-5(4)9/h2-3,8H,1H3",NZKLURQHJBZYHM-UHFFFAOYSA-N,nan
Cc1cc2nc(-c3ccccn3)cc(O)n2n1,1.80532,1,5,3,63.31,27,62.61980000000002,True,False,False,False,226.2390000000001,False,False,False,"InChI=1S/C12H10N4O/c1-8-6-11-14-10(7-12(17)16(11)15-8)9-4-2-3-5-13-9/h2-7,17H,1H3",NMTWANNNUSEJPB-UHFFFAOYSA-N,nan
COCCC(=O)Nc1cccn2ncnc12,0.7042999999999999,1,5,5,68.52,28,58.10970000000002,True,False,False,False,220.2320000000001,False,False,False,"InChI=1S/C10H12N4O2/c1-16-6-4-9(15)13-8-3-2-5-14-10(8)11-7-12-14/h2-3,5,7H,4,6H2,1H3,(H,13,15)",RIZGJCUYEXPWGM-UHFFFAOYSA-N,nan
CCOC(=O)Cc1ccnc(OC(F)F)c1Cl,2.442000000000001,0,4,6,48.42,27,56.216000000000015,True,False,False,False,265.64299999999974,False,False,False,"InChI=1S/C10H10ClF2NO3/c1-2-16-7(15)5-6-3-4-14-9(8(6)11)17-10(12)13/h3-4,10H,2,5H2,1H3",KHTLSGYSSYEAKW-UHFFFAOYSA-N,nan
CCOC(=O)Cc1nccc(N)c1Br,1.5318999999999998,1,4,5,65.21,25,56.68640000000001,True,False,False,False,259.103,False,False,False,"InChI=1S/C9H11BrN2O2/c1-2-14-8(13)5-7-9(10)6(11)3-4-12-7/h3-4H,2,5H2,1H3,(H2,11,12)",TVJLQAXGEBEBCQ-UHFFFAOYSA-N,nan
Cc1cccc(Nc2nc3c(c(=O)[nH]2)CCC3)n1,1.7056199999999997,2,4,3,70.67,32,69.13940000000001,True,False,False,False,242.28200000000007,False,False,False,"InChI=1S/C13H14N4O/c1-8-4-2-7-11(14-8)16-13-15-10-6-3-5-9(10)12(18)17-13/h2,4,7H,3,5-6H2,1H3,(H2,14,15,16,17,18)",NHYYVTMLTYPIKW-UHFFFAOYSA-N,nan
CN(C)/C=N/c1ncnc2ncc3c4ccccc4[nH]c3c12,2.880700000000001,1,4,3,70.06,36,88.53470000000004,True,False,False,False,290.32999999999976,False,False,False,"InChI=1S/C16H14N6/c1-22(2)9-20-16-13-14-11(7-17-15(13)18-8-19-16)10-5-3-4-6-12(10)21-14/h3-9,21H,1-2H3/b20-9+",MTBZIJQPBHTKJC-AWQFTUOYSA-N,nan
CC(C)CCC(=O)Nc1cccn2ncnc12,2.104,1,4,6,59.290000000000006,33,65.68870000000003,True,False,False,False,232.28700000000012,False,False,False,"InChI=1S/C12H16N4O/c1-9(2)5-6-11(17)15-10-4-3-7-16-12(10)13-8-14-16/h3-4,7-9H,5-6H2,1-2H3,(H,15,17)",DJVHURXXERWPBI-UHFFFAOYSA-N,nan
COC(=O)Cc1cc(O)n(-c2ccccn2)n1,0.6883999999999999,1,6,5,77.24,28,58.74380000000002,True,False,False,False,233.2270000000001,False,False,False,"InChI=1S/C11H11N3O3/c1-17-11(16)7-8-6-10(15)14(13-8)9-4-2-3-5-12-9/h2-6,15H,7H2,1H3",YMVAIFGDEJDZCV-UHFFFAOYSA-N,nan
Cc1cc(C)c2c(/N=C/N(C)C)c(/C=C/C#N)sc2n1,3.6713200000000015,0,4,6,52.28,36,85.58000000000004,True,False,False,False,284.3879999999997,False,False,False,"InChI=1S/C15H16N4S/c1-10-8-11(2)18-15-13(10)14(17-9-19(3)4)12(20-15)6-5-7-16/h5-6,8-9H,1-4H3/b6-5+,17-9+",WOZKLBMYYBNGIH-ZUZMZGHOSA-N,nan
O=c1[nH]cc(/N=C/c2cccnc2)c(=O)[nH]1,0.2087999999999999,2,4,2,90.97,24,59.174400000000006,True,False,False,False,216.20000000000005,False,False,False,"InChI=1S/C10H8N4O2/c15-9-8(6-13-10(16)14-9)12-5-7-2-1-3-11-4-7/h1-6H,(H2,13,14,15,16)/b12-5+",LIYDZORDLWQLIQ-LFYBBSHMSA-N,nan
Cc1ccc(C(=O)/C=C(\O)c2ccncc2)cc1,3.171820000000001,1,3,5,50.19,31,70.35230000000003,True,False,False,False,239.2740000000001,False,False,False,"InChI=1S/C15H13NO2/c1-11-2-4-12(5-3-11)14(17)10-15(18)13-6-8-16-9-7-13/h2-10,18H,1H3/b15-10-",SKCFTXVCTQKXNV-GDNBJRDFSA-N,nan
CCOC(=O)c1ccnc(OC(F)F)c1Cl,2.513100000000001,0,4,5,48.42,24,51.83550000000001,True,False,False,False,251.61600000000004,False,False,False,"InChI=1S/C9H8ClF2NO3/c1-2-15-8(14)5-3-4-13-7(6(5)10)16-9(11)12/h3-4,9H,2H2,1H3",UUWYSYQLQZDIQM-UHFFFAOYSA-N,nan
COC(=O)c1cncc(C(F)(F)F)c1F,2.0261,0,3,2,39.19,20,40.53650000000001,True,False,False,False,223.125,False,False,False,"InChI=1S/C8H5F4NO2/c1-15-7(14)4-2-13-3-5(6(4)9)8(10,11)12/h2-3H,1H3",ONKHGARAMQQOOJ-UHFFFAOYSA-N,nan
COC(=O)Cc1ccnc(Cl)c1OC(F)F,2.0519,0,4,5,48.42,24,51.59900000000002,True,False,False,False,251.61600000000004,False,False,False,"InChI=1S/C9H8ClF2NO3/c1-15-6(14)4-5-2-3-13-8(10)7(5)16-9(11)12/h2-3,9H,4H2,1H3",PDKOXLDILZQJFR-UHFFFAOYSA-N,nan
O=C(O)c1cnn2c(O)cc(-c3ccccn3)nc12,1.1950999999999998,2,7,3,100.61,27,64.84210000000002,True,False,False,False,256.22100000000006,False,False,False,"InChI=1S/C12H8N4O3/c17-10-5-9(8-3-1-2-4-13-8)15-11-7(12(18)19)6-14-16(10)11/h1-6,17H,(H,18,19)",ONAHTEFYINCECD-UHFFFAOYSA-N,nan
Clc1nc(NCc2cccnc2)cc(C2CC2)n1,3.014500000000001,1,4,4,50.7,31,70.58070000000002,True,False,False,False,260.72799999999995,False,False,False,"InChI=1S/C13H13ClN4/c14-13-17-11(10-3-4-10)6-12(18-13)16-8-9-2-1-5-15-7-9/h1-2,5-7,10H,3-4,8H2,(H,16,17,18)",MKYJRTJBHZHHLQ-UHFFFAOYSA-N,nan
COC(=O)Cc1cc(Cl)cnc1OC(F)F,2.0519,0,4,5,48.42,24,51.59900000000002,True,False,False,False,251.61600000000004,False,False,False,"InChI=1S/C9H8ClF2NO3/c1-15-7(14)3-5-2-6(10)4-13-8(5)16-9(11)12/h2,4,9H,3H2,1H3",FAROULFKRQEXKS-UHFFFAOYSA-N,nan
CCOC(=O)Cc1cccc(OC(F)(F)F)n1,2.0858,0,4,5,48.42,27,51.25700000000002,True,False,False,False,249.18800000000005,False,False,False,"InChI=1S/C10H10F3NO3/c1-2-16-9(15)6-7-4-3-5-8(14-7)17-10(11,12)13/h3-5H,2,6H2,1H3",VZJVWIAAHGURDU-UHFFFAOYSA-N,nan
O=[N+]([O-])c1cc[n+]([O-])c2[nH]cc([N+](=O)[O-])c12,0.6176999999999999,1,5,2,129.01000000000002,20,50.5675,True,False,False,False,224.132,False,False,False,"InChI=1S/C7H4N4O5/c12-9-2-1-4(10(13)14)6-5(11(15)16)3-8-7(6)9/h1-3,8H",YCXOEFLBTWYYSM-UHFFFAOYSA-N,nan
COC(=O)c1cc(Cl)nc(OC(F)F)c1,2.123,0,4,4,48.42,21,47.21850000000001,True,False,False,False,237.58900000000003,False,False,False,"InChI=1S/C8H6ClF2NO3/c1-14-7(13)4-2-5(9)12-6(3-4)15-8(10)11/h2-3,8H,1H3",FKSLAYMTIILYBG-UHFFFAOYSA-N,nan
CCOC(=O)c1nccc(OC(F)F)c1Cl,2.513100000000001,0,4,5,48.42,24,51.83550000000002,True,False,False,False,251.61600000000004,False,False,False,"InChI=1S/C9H8ClF2NO3/c1-2-15-8(14)7-6(10)5(3-4-13-7)16-9(11)12/h3-4,9H,2H2,1H3",MPWAYGSLKIBKAD-UHFFFAOYSA-N,nan
CCOC(=O)c1cncc(Cl)c1OC(F)F,2.513100000000001,0,4,5,48.42,24,51.83550000000002,True,False,False,False,251.61600000000004,False,False,False,"InChI=1S/C9H8ClF2NO3/c1-2-15-8(14)5-3-13-4-6(10)7(5)16-9(11)12/h3-4,9H,2H2,1H3",TWDNXAWASDYWGE-UHFFFAOYSA-N,nan
COC(=O)Cc1ncc(N)cc1C(F)(F)F,1.3981,1,4,4,65.21,25,49.3714,True,False,False,False,234.17700000000005,False,False,False,"InChI=1S/C9H9F3N2O2/c1-16-8(15)3-7-6(9(10,11)12)2-5(13)4-14-7/h2,4H,3,13H2,1H3",NPMVJBQDBRCAIX-UHFFFAOYSA-N,nan
CCOC(=O)Cc1nccc(OC(F)F)c1Cl,2.442000000000001,0,4,6,48.42,27,56.216000000000015,True,False,False,False,265.6429999999998,False,False,False,"InChI=1S/C10H10ClF2NO3/c1-2-16-8(15)5-6-9(11)7(3-4-14-6)17-10(12)13/h3-4,10H,2,5H2,1H3",NCHGQARRNIJNBP-UHFFFAOYSA-N,nan
COC(=O)Cc1c(Cl)cncc1OC(F)F,2.0519,0,4,5,48.42,24,51.59900000000002,True,False,False,False,251.61600000000004,False,False,False,"InChI=1S/C9H8ClF2NO3/c1-15-8(14)2-5-6(10)3-13-4-7(5)16-9(11)12/h3-4,9H,2H2,1H3",MFJXBMWFHIXSDZ-UHFFFAOYSA-N,nan
Cc1cc(C)c2c(n1)nn1c(S)cc(C)nc21,2.49146,1,5,4,43.08,29,69.75100000000002,True,False,False,False,244.3230000000001,False,False,False,"InChI=1S/C12H12N4S/c1-6-4-7(2)13-11-10(6)12-14-8(3)5-9(17)16(12)15-11/h4-5,17H,1-3H3",MSZPDDXWWLDAMC-UHFFFAOYSA-N,nan
CC(C)Nc1cc(Br)c(Cl)c[n+]1[O-],2.5562000000000005,1,2,4,38.97,23,56.87070000000002,True,False,False,False,265.5379999999998,False,False,False,"InChI=1S/C8H10BrClN2O/c1-5(2)11-8-3-6(9)7(10)4-12(8)13/h3-5,11H,1-2H3",OZAIFQFPHYXFLC-UHFFFAOYSA-N,nan
CCOC(=O)Cc1ccnc(Cl)c1OC(F)F,2.442000000000001,0,4,6,48.42,27,56.21600000000002,True,False,False,False,265.64299999999974,False,False,False,"InChI=1S/C10H10ClF2NO3/c1-2-16-7(15)5-6-3-4-14-9(11)8(6)17-10(12)13/h3-4,10H,2,5H2,1H3",AYOJBEHKCTUEKP-UHFFFAOYSA-N,nan
Nc1ccc(/N=N/c2ccccc2)c(N)n1,2.6613999999999995,2,5,4,89.64999999999999,27,63.679800000000014,True,False,False,False,213.24400000000009,False,False,False,"InChI=1S/C11H11N5/c12-10-7-6-9(11(13)14-10)16-15-8-4-2-1-3-5-8/h1-7H,(H4,12,13,14)/b16-15+",QPFYXYFORQJZEC-FOCLMDBBSA-N,nan
COC(=O)Cc1ccc(C#N)nc1OC(F)(F)F,1.56738,0,5,4,72.21000000000001,25,51.35500000000001,True,False,False,False,260.1709999999999,False,False,False,"InChI=1S/C10H7F3N2O3/c1-17-8(16)4-6-2-3-7(5-14)15-9(6)18-10(11,12)13/h2-3H,4H2,1H3",YHBFMRHLYCSGIO-UHFFFAOYSA-N,nan
CCOC(=O)Cc1c(OC(F)F)ccnc1Cl,2.442000000000001,0,4,6,48.42,27,56.21600000000002,True,False,False,False,265.6429999999998,False,False,False,"InChI=1S/C10H10ClF2NO3/c1-2-16-8(15)5-6-7(17-10(12)13)3-4-14-9(6)11/h3-4,10H,2,5H2,1H3",BFIKBYKHQOLNII-UHFFFAOYSA-N,nan
CCOC(=O)Cc1cc(F)c(C(F)(F)F)cn1,2.3451000000000004,0,3,4,39.19,26,49.53400000000001,True,False,False,False,251.17900000000003,False,False,False,"InChI=1S/C10H9F4NO2/c1-2-17-9(16)4-6-3-8(11)7(5-15-6)10(12,13)14/h3,5H,2,4H2,1H3",SGIDGMMHEYXJNI-UHFFFAOYSA-N,nan
CCc1cc(O)n(-c2ccncc2)n1,1.5352999999999997,1,4,4,50.94,25,52.40180000000003,True,False,False,False,189.21800000000007,False,False,False,"InChI=1S/C10H11N3O/c1-2-8-7-10(14)13(12-8)9-3-5-11-6-4-9/h3-7,14H,2H2,1H3",KQDTTWPVARJUHJ-UHFFFAOYSA-N,nan
COC(=O)Cc1nccc(OC(F)F)c1Cl,2.0519,0,4,5,48.42,24,51.59900000000001,True,False,False,False,251.61600000000004,False,False,False,"InChI=1S/C9H8ClF2NO3/c1-15-7(14)4-5-8(10)6(2-3-13-5)16-9(11)12/h2-3,9H,4H2,1H3",XCNOTTKRJXGYHY-UHFFFAOYSA-N,nan
CCOC(=O)Cc1ncccc1OC(F)(F)F,2.0858,0,4,5,48.42,27,51.25700000000002,True,False,False,False,249.18800000000005,False,False,False,"InChI=1S/C10H10F3NO3/c1-2-16-9(15)6-7-8(4-3-5-14-7)17-10(11,12)13/h3-5H,2,6H2,1H3",LVWOULQJYLCGBD-UHFFFAOYSA-N,nan
CCOC(=O)c1cc(OC(F)F)cc(Cl)n1,2.513100000000001,0,4,5,48.42,24,51.83550000000002,True,False,False,False,251.61600000000004,False,False,False,"InChI=1S/C9H8ClF2NO3/c1-2-15-8(14)6-3-5(16-9(11)12)4-7(10)13-6/h3-4,9H,2H2,1H3",XMCQNQUKMNUYRH-UHFFFAOYSA-N,nan
COc1ccc(/N=C/c2ccc(OCC(N)=O)cc2)cn1,1.7048999999999996,1,5,7,86.8,36,79.17440000000003,True,False,False,False,285.3029999999997,False,False,False,"InChI=1S/C15H15N3O3/c1-20-15-7-4-12(9-18-15)17-8-11-2-5-13(6-3-11)21-10-14(16)19/h2-9H,10H2,1H3,(H2,16,19)/b17-8+",XFYCXABRPLEHNJ-CAOOACKPSA-N,nan
COC(=O)Cc1cnc(Cl)c(OC(F)F)c1,2.0519,0,4,5,48.42,24,51.59900000000002,True,False,False,False,251.61600000000004,False,False,False,"InChI=1S/C9H8ClF2NO3/c1-15-7(14)3-5-2-6(16-9(11)12)8(10)13-4-5/h2,4,9H,3H2,1H3",WKWKHGIDZZQWMP-UHFFFAOYSA-N,nan
Oc1cc(C(F)F)nn1-c1ccccn1,1.9104999999999992,1,4,3,50.940000000000005,22,47.980800000000016,True,False,False,False,211.17100000000005,False,False,False,"InChI=1S/C9H7F2N3O/c10-9(11)6-5-8(15)14(13-6)7-3-1-2-4-12-7/h1-5,9,15H",NGHWGMXLHOMGKT-UHFFFAOYSA-N,nan
Clc1nc(NCc2ccccn2)cc(C2CC2)n1,3.014500000000001,1,4,4,50.7,31,70.58070000000002,True,False,False,False,260.72799999999995,False,False,False,"InChI=1S/C13H13ClN4/c14-13-17-11(9-4-5-9)7-12(18-13)16-8-10-3-1-2-6-15-10/h1-3,6-7,9H,4-5,8H2,(H,16,17,18)",JZHGTCIEDBLOAR-UHFFFAOYSA-N,nan
COC(=O)c1cc(Cl)cnc1OC(F)F,2.123,0,4,4,48.42,21,47.21850000000001,True,False,False,False,237.58900000000003,False,False,False,"InChI=1S/C8H6ClF2NO3/c1-14-7(13)5-2-4(9)3-12-6(5)15-8(10)11/h2-3,8H,1H3",UJECMMBCXYZSIG-UHFFFAOYSA-N,nan
O=S1(=O)C=CC(/N=C/c2ccncc2)C1,0.8112,0,4,2,59.39,25,58.54580000000003,True,False,False,False,222.2690000000001,False,False,False,"InChI=1S/C10H10N2O2S/c13-15(14)6-3-10(8-15)12-7-9-1-4-11-5-2-9/h1-7,10H,8H2/b12-7+",FQZVBDKVVJXTNC-KPKJPENVSA-N,nan
O=S1(=O)CC(O)C(NCC/N=C/c2ccncc2)C1,-0.7519999999999987,2,6,6,91.65,36,73.14930000000004,True,False,False,False,283.35299999999967,False,False,False,"InChI=1S/C12H17N3O3S/c16-12-9-19(17,18)8-11(12)15-6-5-14-7-10-1-3-13-4-2-10/h1-4,7,11-12,15-16H,5-6,8-9H2/b14-7+",KQEMUHACAPHLBH-VGOFMYFVSA-N,nan
CCOC(=O)Cc1cncc(OC(F)(F)F)c1,2.0858,0,4,5,48.42,27,51.25700000000001,True,False,False,False,249.18800000000005,False,False,False,"InChI=1S/C10H10F3NO3/c1-2-16-9(15)4-7-3-8(6-14-5-7)17-10(11,12)13/h3,5-6H,2,4H2,1H3",JYCCWIOVTQCYSX-UHFFFAOYSA-N,nan
COC(=O)Cc1cc(N)ncc1C(F)(F)F,1.3981,1,4,4,65.21000000000001,25,49.3714,True,False,False,False,234.17700000000005,False,False,False,"InChI=1S/C9H9F3N2O2/c1-16-8(15)3-5-2-7(13)14-4-6(5)9(10,11)12/h2,4H,3H2,1H3,(H2,13,14)",IHCHLMUDLSBVOO-UHFFFAOYSA-N,nan
O=c1[nH]c(Nc2ccccn2)nc2c1CCC2,1.3972,2,4,2,70.67,29,64.40240000000001,True,False,False,False,228.25500000000008,False,False,False,"InChI=1S/C12H12N4O/c17-11-8-4-3-5-9(8)14-12(16-11)15-10-6-1-2-7-13-10/h1-2,6-7H,3-5H2,(H2,13,14,15,16,17)",RSVFZVOIYXTOTI-UHFFFAOYSA-N,nan
O=C(CCl)/N=c1\ccccn1C(=O)CCl,1.0332,0,3,2,51.43,23,57.06850000000002,True,False,False,False,247.08100000000007,False,False,False,"InChI=1S/C9H8Cl2N2O2/c10-5-8(14)12-7-3-1-2-4-13(7)9(15)6-11/h1-4H,5-6H2/b12-7+",WNCQRTBCRPNCAP-KPKJPENVSA-N,nan
COC(=O)c1scc2c(O)cc(C(F)(F)F)nc12,2.807300000000001,1,5,3,59.42,24,57.62630000000001,True,False,False,False,277.22299999999984,False,False,False,"InChI=1S/C10H6F3NO3S/c1-17-9(16)8-7-4(3-18-8)5(15)2-6(14-7)10(11,12)13/h2-3,15H,1H3",DFQIXQDYVCVGCQ-UHFFFAOYSA-N,nan
O=C(O)c1ccc(/N=N/c2ccc(O)c3ncccc23)cc1,4.054000000000001,2,6,4,95.14,33,80.98510000000002,True,False,False,False,293.2819999999998,False,False,False,"InChI=1S/C16H11N3O3/c20-14-8-7-13(12-2-1-9-17-15(12)14)19-18-11-5-3-10(4-6-11)16(21)22/h1-9,20H,(H,21,22)/b19-18+",WHYSDEAUKYVHBQ-VHEBQXMUSA-N,nan
Cc1cccc(Nc2nc3c(c(=O)[nH]2)CCCC3)n1,2.09572,2,4,3,70.67,35,73.75640000000003,True,False,False,False,256.30900000000014,False,False,False,"InChI=1S/C14H16N4O/c1-9-5-4-8-12(15-9)17-14-16-11-7-3-2-6-10(11)13(19)18-14/h4-5,8H,2-3,6-7H2,1H3,(H2,15,16,17,18,19)",ZWLQUXFVLHIOHT-UHFFFAOYSA-N,nan
COC(=O)c1nc(OC(F)F)ccc1Cl,2.123,0,4,4,48.42,21,47.21850000000002,True,False,False,False,237.58900000000003,False,False,False,"InChI=1S/C8H6ClF2NO3/c1-14-7(13)6-4(9)2-3-5(12-6)15-8(10)11/h2-3,8H,1H3",HZKLAZFBHBQPFB-UHFFFAOYSA-N,nan
COc1ccc(C(=O)/C=C(\O)c2ccncc2)cc1,2.8720000000000008,1,4,6,59.42,32,72.16730000000003,True,False,False,False,255.27300000000008,False,False,False,"InChI=1S/C15H13NO3/c1-19-13-4-2-11(3-5-13)14(17)10-15(18)12-6-8-16-9-7-12/h2-10,18H,1H3/b15-10-",FQLRIKVWMMUKNQ-GDNBJRDFSA-N,nan
CCOC(=O)Nc1cccc(NC(=O)OCC)[n+]1[O-],1.4567999999999997,2,5,6,103.6,34,66.69140000000003,True,False,False,False,269.2569999999997,False,False,False,"InChI=1S/C11H15N3O5/c1-3-18-10(15)12-8-6-5-7-9(14(8)17)13-11(16)19-4-2/h5-7H,3-4H2,1-2H3,(H,12,15)(H,13,16)",DCGLGXUKOGQAQF-UHFFFAOYSA-N,nan
N[C@H]1CC[C@H](Oc2ccc(Cl)cn2)CC1,2.383700000000001,1,3,3,48.14,30,60.10640000000003,True,False,False,False,226.7070000000001,False,False,False,"InChI=1S/C11H15ClN2O/c12-8-1-6-11(14-7-8)15-10-4-2-9(13)3-5-10/h1,6-7,9-10H,2-5,13H2/t9-,10-",NFIWPKCXJQJXOJ-MGCOHNPYSA-N,nan
CCOC(=O)Cc1cnc2[nH]ccc2c1,1.6685,1,3,4,54.98,27,56.43070000000002,True,False,False,False,204.2290000000001,False,False,False,"InChI=1S/C11H12N2O2/c1-2-15-10(14)6-8-5-9-3-4-12-11(9)13-7-8/h3-5,7H,2,6H2,1H3,(H,12,13)",MJABDMKFGFEPKC-UHFFFAOYSA-N,nan
Cc1ccc(/N=C/c2c(CO)cnc(C)c2O)cc1,2.6469400000000007,2,4,7,65.71000000000001,35,74.99460000000002,True,False,False,False,256.3050000000001,False,False,False,"InChI=1S/C15H16N2O2/c1-10-3-5-13(6-4-10)17-8-14-12(9-18)7-16-11(2)15(14)19/h3-8,18-19H,9H2,1-2H3/b17-8+",FJJKDEMXNCWGJH-CAOOACKPSA-N,nan
CCOC(=O)Cc1cc(N)cc(C(F)(F)F)n1,1.7882,1,4,5,65.21000000000001,28,53.988400000000006,True,False,False,False,248.20400000000004,False,False,False,"InChI=1S/C10H11F3N2O2/c1-2-17-9(16)5-7-3-6(14)4-8(15-7)10(11,12)13/h3-4H,2,5H2,1H3,(H2,14,15)",RODHGTOEVOGZJE-UHFFFAOYSA-N,nan
O=S1(=O)CCC(NCC/N=C\c2ccncc2)C1,0.2771999999999996,1,5,5,71.42,35,71.75950000000003,True,False,False,False,267.3539999999998,False,False,False,"InChI=1S/C12H17N3O2S/c16-18(17)8-3-12(10-18)15-7-6-14-9-11-1-4-13-5-2-11/h1-2,4-5,9,12,15H,3,6-8,10H2/b14-9-",MQVUIRVPWWTULX-ZROIWOOFSA-N,nan
Cn1nc(-c2ccncc2)cc1O,1.1876999999999998,1,4,3,50.94,22,48.10380000000003,True,False,False,False,175.19100000000006,False,False,False,"InChI=1S/C9H9N3O/c1-12-9(13)6-8(11-12)7-2-4-10-5-3-7/h2-6,13H,1H3",ADHRPFTVRURUGL-UHFFFAOYSA-N,nan
CCOC(=O)Cc1ccc(OC(F)F)c(Cl)n1,2.442000000000001,0,4,6,48.42,27,56.216000000000015,True,False,False,False,265.6429999999998,False,False,False,"InChI=1S/C10H10ClF2NO3/c1-2-16-8(15)5-6-3-4-7(9(11)14-6)17-10(12)13/h3-4,10H,2,5H2,1H3",HDCAXTOPOZXYNU-UHFFFAOYSA-N,nan
N#Cc1ccc(O[C@H]2CC[C@H](N)CC2)nc1,1.6019800000000002,1,4,3,71.92999999999999,31,59.81140000000003,True,False,False,False,217.2720000000001,False,False,False,"InChI=1S/C12H15N3O/c13-7-9-1-6-12(15-8-9)16-11-4-2-10(14)3-5-11/h1,6,8,10-11H,2-5,14H2/t10-,11-",YPULTNFCCDTPKQ-XYPYZODXSA-N,nan
N[C@H]1CC[C@H](Oc2ccc(Br)cn2)CC1,2.492800000000001,1,3,3,48.14,30,62.79640000000003,True,False,False,False,271.1579999999997,False,False,False,"InChI=1S/C11H15BrN2O/c12-8-1-6-11(14-7-8)15-10-4-2-9(13)3-5-10/h1,6-7,9-10H,2-5,13H2/t9-,10-",PNSRTVQVIJKVEL-MGCOHNPYSA-N,nan
CCOC(=O)Cc1ccc(Br)nc1N,1.5319,1,4,5,65.21,25,56.68640000000001,True,False,False,False,259.103,False,False,False,"InChI=1S/C9H11BrN2O2/c1-2-14-8(13)5-6-3-4-7(10)12-9(6)11/h3-4H,2,5H2,1H3,(H2,11,12)",QWDKPLLIRKSMJQ-UHFFFAOYSA-N,nan
CCOC(=O)c1cc(C(C)=O)c(O)n(C)c1=N,0.5894699999999999,2,6,7,92.38,31,58.89350000000002,True,False,False,False,238.2430000000001,False,False,False,"InChI=1S/C11H14N2O4/c1-4-17-11(16)8-5-7(6(2)14)10(15)13(3)9(8)12/h5,12,15H,4H2,1-3H3",RNOMTUDGOYEEJY-UHFFFAOYSA-N,nan
N=c1c2ccccc2[nH]c(=O)n1Cc1cccnc1,1.25237,2,4,2,74.53,31,71.75240000000001,True,False,False,False,252.27700000000007,False,False,False,"InChI=1S/C14H12N4O/c15-13-11-5-1-2-6-12(11)17-14(19)18(13)9-10-4-3-7-16-8-10/h1-8,15H,9H2,(H,17,19)",NMTLRULOPSOOOK-UHFFFAOYSA-N,nan
CCOC(=O)Cc1nccc(C)c1N,1.07782,1,4,6,65.21,28,53.72340000000002,True,False,False,False,194.2340000000001,False,False,False,"InChI=1S/C10H14N2O2/c1-3-14-9(13)6-8-10(11)7(2)4-5-12-8/h4-5H,3,6,11H2,1-2H3",ZAHXFMMGTVRJPF-UHFFFAOYSA-N,nan
CCOC(=O)c1cc(F)c(C(F)(F)F)cn1,2.416200000000001,0,3,3,39.19,23,45.153500000000015,True,False,False,False,237.152,False,False,False,"InChI=1S/C9H7F4NO2/c1-2-16-8(15)7-3-6(10)5(4-14-7)9(11,12)13/h3-4H,2H2,1H3",GUGBKVHGGZWNJI-UHFFFAOYSA-N,nan
CC(C)(C)[SiH2]c1cccnc1NC(=O)C(C)(C)C,2.0786999999999995,1,2,2,41.99,42,80.21470000000004,True,False,False,False,264.44499999999994,False,False,False,"InChI=1S/C14H24N2OSi/c1-13(2,3)12(17)16-11-10(8-7-9-15-11)18-14(4,5)6/h7-9H,18H2,1-6H3,(H,15,16,17)",KZUHCGAAGHIEFO-UHFFFAOYSA-N,nan
CC(=O)Nc1cc(C)cc[n+]1[O-],0.5868199999999999,1,2,3,56.040000000000006,22,44.442700000000016,True,False,False,False,166.18000000000006,False,False,False,"InChI=1S/C8H10N2O2/c1-6-3-4-10(12)8(5-6)9-7(2)11/h3-5H,1-2H3,(H,9,11)",MARKNUHRGHKVDX-UHFFFAOYSA-N,nan
O=C(O)Cc1cc(C(F)(F)F)c([N+](=O)[O-])cn1,1.6357,1,5,3,93.33,22,47.2332,True,False,False,False,250.132,False,False,False,"InChI=1S/C8H5F3N2O4/c9-8(10,11)5-1-4(2-7(14)15)12-3-6(5)13(16)17/h1,3H,2H2,(H,14,15)",CYBYOEUIZIRDFM-UHFFFAOYSA-N,nan
CCOC(=O)Cc1cnc(Cl)c(OC(F)F)c1,2.442,0,4,6,48.42,27,56.21600000000002,True,False,False,False,265.6429999999998,False,False,False,"InChI=1S/C10H10ClF2NO3/c1-2-16-8(15)4-6-3-7(17-10(12)13)9(11)14-5-6/h3,5,10H,2,4H2,1H3",IKDCZOWBEUXGJG-UHFFFAOYSA-N,nan
O=C(O)c1cnn2c(O)cc(-c3ccncc3)nc12,1.1950999999999998,2,7,3,100.61,27,64.84210000000002,True,False,False,False,256.22100000000006,False,False,False,"InChI=1S/C12H8N4O3/c17-10-5-9(7-1-3-13-4-2-7)15-11-8(12(18)19)6-14-16(10)11/h1-6,17H,(H,18,19)",KIPMEWZJCDYBST-UHFFFAOYSA-N,nan
Cc1ccc2cc(/N=C/c3ccc(O)cc3)ccc2n1,3.9994200000000015,1,3,4,45.48,34,81.84080000000003,True,False,False,False,262.3119999999999,False,False,False,"InChI=1S/C17H14N2O/c1-12-2-5-14-10-15(6-9-17(14)19-12)18-11-13-3-7-16(20)8-4-13/h2-11,20H,1H3/b18-11+",XSVXKLHDYPMDEX-WOJGMQOQSA-N,nan
Cc1cc(Br)cnc1/N=C/N(C)C,2.37392,0,2,4,28.49,25,58.51300000000002,True,False,False,False,242.1200000000001,False,False,False,"InChI=1S/C9H12BrN3/c1-7-4-8(10)5-11-9(7)12-6-13(2)3/h4-6H,1-3H3/b12-6+",HSXOSVRUJIQAHE-WUXMJOGZSA-N,nan
CCOC(=O)Cc1cnccc1OC(F)(F)F,2.0858,0,4,5,48.42,27,51.25700000000002,True,False,False,False,249.18800000000005,False,False,False,"InChI=1S/C10H10F3NO3/c1-2-16-9(15)5-7-6-14-4-3-8(7)17-10(11,12)13/h3-4,6H,2,5H2,1H3",BVJNKOQBTJLQBQ-UHFFFAOYSA-N,nan
CCOC(=O)c1ncc(Cl)cc1OC(F)F,2.513100000000001,0,4,5,48.42,24,51.83550000000002,True,False,False,False,251.61600000000004,False,False,False,"InChI=1S/C9H8ClF2NO3/c1-2-15-8(14)7-6(16-9(11)12)3-5(10)4-13-7/h3-4,9H,2H2,1H3",MBEUWUFOPPGNPA-UHFFFAOYSA-N,nan
COC(=O)c1c(OC(F)F)ccnc1Cl,2.123,0,4,4,48.42,21,47.21850000000001,True,False,False,False,237.58900000000008,False,False,False,"InChI=1S/C8H6ClF2NO3/c1-14-7(13)5-4(15-8(10)11)2-3-12-6(5)9/h2-3,8H,1H3",VBKGKTNYJJWZDI-UHFFFAOYSA-N,nan
COC(=O)Cc1ccnc(OC(F)F)c1Cl,2.0519,0,4,5,48.42,24,51.59900000000001,True,False,False,False,251.61600000000004,False,False,False,"InChI=1S/C9H8ClF2NO3/c1-15-6(14)4-5-2-3-13-8(7(5)10)16-9(11)12/h2-3,9H,4H2,1H3",IUHNPWUCWBAAAI-UHFFFAOYSA-N,nan
O=C(O)Cc1cncc(Cl)c1OC(F)F,1.9635,1,4,4,59.42,21,47.21880000000001,True,False,False,False,237.58900000000003,False,False,False,"InChI=1S/C8H6ClF2NO3/c9-5-3-12-2-4(1-6(13)14)7(5)15-8(10)11/h2-3,8H,1H2,(H,13,14)",FHNIPUNRFQWZAV-UHFFFAOYSA-N,nan
O=C(O)Cc1ccc(Cl)nc1OC(F)F,1.9635,1,4,4,59.42,21,47.21880000000001,True,False,False,False,237.58900000000003,False,False,False,"InChI=1S/C8H6ClF2NO3/c9-5-2-1-4(3-6(13)14)7(12-5)15-8(10)11/h1-2,8H,3H2,(H,13,14)",VZQHGZNOMBQQEH-UHFFFAOYSA-N,nan
N#CCc1ccc(C(F)(F)F)c([N+](=O)[O-])n1,2.0746800000000003,0,4,2,79.82,20,45.2104,True,False,False,False,231.133,False,False,False,"InChI=1S/C8H4F3N3O2/c9-8(10,11)6-2-1-5(3-4-12)13-7(6)14(15)16/h1-2H,3H2",ZZPJDGXXSIDWSK-UHFFFAOYSA-N,nan
COC(=O)Cc1cnc(Cl)cc1OC(F)F,2.0519,0,4,5,48.42,24,51.59900000000002,True,False,False,False,251.61600000000004,False,False,False,"InChI=1S/C9H8ClF2NO3/c1-15-8(14)2-5-4-13-7(10)3-6(5)16-9(11)12/h3-4,9H,2H2,1H3",IDLDTCGQEBHODQ-UHFFFAOYSA-N,nan
COc1ccc2c(n1)=C(O)CC(=O)N=2,-0.6937000000000002,1,4,3,71.78,22,47.2308,True,False,False,False,192.1740000000001,False,False,False,"InChI=1S/C9H8N2O3/c1-14-8-3-2-5-9(11-8)6(12)4-7(13)10-5/h2-3,12H,4H2,1H3",UUWZYYPRRZJRIQ-UHFFFAOYSA-N,nan
O=c1[nH]c(/C=C/c2ccncc2)c([N+](=O)[O-])c(=O)[nH]1,0.5367999999999998,2,5,3,121.75,27,67.5028,True,False,False,False,260.2089999999999,False,False,False,"InChI=1S/C11H8N4O4/c16-10-9(15(18)19)8(13-11(17)14-10)2-1-7-3-5-12-6-4-7/h1-6H,(H2,13,14,16,17)/b2-1+",NXEGYIKSYRJBRH-OWOJBTEDSA-N,nan
CCOC(=O)Cc1c(Cl)cncc1OC(F)F,2.442000000000001,0,4,6,48.42,27,56.21600000000002,True,False,False,False,265.6429999999998,False,False,False,"InChI=1S/C10H10ClF2NO3/c1-2-16-9(15)3-6-7(11)4-14-5-8(6)17-10(12)13/h4-5,10H,2-3H2,1H3",UXCKZNKGTPPKDW-UHFFFAOYSA-N,nan
CCOC(=O)c1cc(OC(F)F)cnc1Cl,2.513100000000001,0,4,5,48.42,24,51.83550000000002,True,False,False,False,251.61600000000004,False,False,False,"InChI=1S/C9H8ClF2NO3/c1-2-15-8(14)6-3-5(16-9(11)12)4-13-7(6)10/h3-4,9H,2H2,1H3",YJPDZEJMHRONSR-UHFFFAOYSA-N,nan
CCOC(=O)c1c(OC(F)F)ccnc1Cl,2.513100000000001,0,4,5,48.42,24,51.83550000000002,True,False,False,False,251.61600000000004,False,False,False,"InChI=1S/C9H8ClF2NO3/c1-2-15-8(14)6-5(16-9(11)12)3-4-13-7(6)10/h3-4,9H,2H2,1H3",GRDFDGWKHHEZDJ-UHFFFAOYSA-N,nan
